[[1;34mINFO[m] Scanning for projects...
[[1;34mINFO[m] 
[[1;34mINFO[m] [1m---------------------< [0;36mtn.iteam:catalogue-service[0;1m >---------------------[m
[[1;34mINFO[m] [1mBuilding catalogue-service 0.0.1-SNAPSHOT[m
[[1;34mINFO[m] [1m--------------------------------[ jar ]---------------------------------[m
[[1;34mINFO[m] 
[[1;34mINFO[m] [1m>>> [0;32mspring-boot-maven-plugin:3.3.5:run[m [1m(default-cli)[0;1m > [0;1mtest-compile[m @ [36mcatalogue-service[0;1m >>>[m
[[1;34mINFO[m] 
[[1;34mINFO[m] [1m--- [0;32mmaven-resources-plugin:3.3.1:resources[m [1m(default-resources)[m @ [36mcatalogue-service[0;1m ---[m
[[1;34mINFO[m] Copying 3 resources from src/main/resources to target/classes
[[1;34mINFO[m] Copying 0 resource from src/main/resources to target/classes
[[1;34mINFO[m] 
[[1;34mINFO[m] [1m--- [0;32mmaven-compiler-plugin:3.13.0:compile[m [1m(default-compile)[m @ [36mcatalogue-service[0;1m ---[m
[[1;34mINFO[m] Nothing to compile - all classes are up to date.
[[1;34mINFO[m] 
[[1;34mINFO[m] [1m--- [0;32mmaven-resources-plugin:3.3.1:testResources[m [1m(default-testResources)[m @ [36mcatalogue-service[0;1m ---[m
[[1;34mINFO[m] skip non existing resourceDirectory /home/imed/Documents/e-commerce-ms/catalogue-service/src/test/resources
[[1;34mINFO[m] 
[[1;34mINFO[m] [1m--- [0;32mmaven-compiler-plugin:3.13.0:testCompile[m [1m(default-testCompile)[m @ [36mcatalogue-service[0;1m ---[m
[[1;34mINFO[m] Nothing to compile - all classes are up to date.
[[1;34mINFO[m] 
[[1;34mINFO[m] [1m<<< [0;32mspring-boot-maven-plugin:3.3.5:run[m [1m(default-cli)[0;1m < [0;1mtest-compile[m @ [36mcatalogue-service[0;1m <<<[m
[[1;34mINFO[m] 
[[1;34mINFO[m] 
[[1;34mINFO[m] [1m--- [0;32mspring-boot-maven-plugin:3.3.5:run[m [1m(default-cli)[m @ [36mcatalogue-service[0;1m ---[m
[[1;34mINFO[m] Attaching agents: []

  .   ____          _            __ _ _
 /\\ / ___'_ __ _ _(_)_ __  __ _ \ \ \ \
( ( )\___ | '_ | '_| | '_ \/ _` | \ \ \ \
 \\/  ___)| |_)| | | | | || (_| |  ) ) ) )
  '  |____| .__|_| |_|_| |_\__, | / / / /
 =========|_|==============|___/=/_/_/_/

 :: Spring Boot ::                (v3.3.5)

2025-10-19T16:48:22.105+01:00  INFO 19620 --- [catalogue-service] [           main] t.i.c.CatalogueServiceApplication        : Starting CatalogueServiceApplication using Java 17.0.16 with PID 19620 (/home/imed/Documents/e-commerce-ms/catalogue-service/target/classes started by imed in /home/imed/Documents/e-commerce-ms/catalogue-service)
2025-10-19T16:48:22.113+01:00  INFO 19620 --- [catalogue-service] [           main] t.i.c.CatalogueServiceApplication        : The following 1 profile is active: "local"
2025-10-19T16:48:28.192+01:00  INFO 19620 --- [catalogue-service] [           main] .s.d.r.c.RepositoryConfigurationDelegate : Multiple Spring Data modules found, entering strict repository configuration mode
2025-10-19T16:48:28.194+01:00  INFO 19620 --- [catalogue-service] [           main] .s.d.r.c.RepositoryConfigurationDelegate : Bootstrapping Spring Data JDBC repositories in DEFAULT mode.
2025-10-19T16:48:28.457+01:00  INFO 19620 --- [catalogue-service] [           main] .RepositoryConfigurationExtensionSupport : Spring Data JDBC - Could not safely identify store assignment for repository candidate interface tn.iteam.catalogueservice.repos.CategoryRepo; If you want this repository to be a JDBC repository, consider annotating your entities with one of these annotations: org.springframework.data.relational.core.mapping.Table.
2025-10-19T16:48:28.459+01:00  INFO 19620 --- [catalogue-service] [           main] .RepositoryConfigurationExtensionSupport : Spring Data JDBC - Could not safely identify store assignment for repository candidate interface tn.iteam.catalogueservice.repos.ProductRepo; If you want this repository to be a JDBC repository, consider annotating your entities with one of these annotations: org.springframework.data.relational.core.mapping.Table.
2025-10-19T16:48:28.460+01:00  INFO 19620 --- [catalogue-service] [           main] .s.d.r.c.RepositoryConfigurationDelegate : Finished Spring Data repository scanning in 260 ms. Found 0 JDBC repository interfaces.
2025-10-19T16:48:28.470+01:00  INFO 19620 --- [catalogue-service] [           main] .s.d.r.c.RepositoryConfigurationDelegate : Multiple Spring Data modules found, entering strict repository configuration mode
2025-10-19T16:48:28.471+01:00  INFO 19620 --- [catalogue-service] [           main] .s.d.r.c.RepositoryConfigurationDelegate : Bootstrapping Spring Data JPA repositories in DEFAULT mode.
2025-10-19T16:48:28.817+01:00  INFO 19620 --- [catalogue-service] [           main] .s.d.r.c.RepositoryConfigurationDelegate : Finished Spring Data repository scanning in 343 ms. Found 2 JPA repository interfaces.
2025-10-19T16:48:29.863+01:00  INFO 19620 --- [catalogue-service] [           main] o.s.cloud.context.scope.GenericScope     : BeanFactory id=08d6f9b2-dafb-33a9-8b64-29c1ff31a9a8
2025-10-19T16:48:32.432+01:00  WARN 19620 --- [catalogue-service] [           main] trationDelegate$BeanPostProcessorChecker : Bean 'org.springframework.cloud.client.loadbalancer.LoadBalancerAutoConfiguration$DeferringLoadBalancerInterceptorConfig' of type [org.springframework.cloud.client.loadbalancer.LoadBalancerAutoConfiguration$DeferringLoadBalancerInterceptorConfig] is not eligible for getting processed by all BeanPostProcessors (for example: not eligible for auto-proxying). The currently created BeanPostProcessor [lbRestClientPostProcessor] is declared through a non-static factory method on that class; consider declaring it as static instead.
2025-10-19T16:48:32.439+01:00  WARN 19620 --- [catalogue-service] [           main] trationDelegate$BeanPostProcessorChecker : Bean 'deferringLoadBalancerInterceptor' of type [org.springframework.cloud.client.loadbalancer.DeferringLoadBalancerInterceptor] is not eligible for getting processed by all BeanPostProcessors (for example: not eligible for auto-proxying). Is this bean getting eagerly injected/applied to a currently created BeanPostProcessor [lbRestClientPostProcessor]? Check the corresponding BeanPostProcessor declaration and its dependencies/advisors. If this bean does not have to be post-processed, declare it with ROLE_INFRASTRUCTURE.
2025-10-19T16:48:33.034+01:00  INFO 19620 --- [catalogue-service] [           main] o.s.b.w.embedded.tomcat.TomcatWebServer  : Tomcat initialized with port 8084 (http)
2025-10-19T16:48:33.052+01:00  INFO 19620 --- [catalogue-service] [           main] o.apache.catalina.core.StandardService   : Starting service [Tomcat]
2025-10-19T16:48:33.053+01:00  INFO 19620 --- [catalogue-service] [           main] o.apache.catalina.core.StandardEngine    : Starting Servlet engine: [Apache Tomcat/10.1.31]
2025-10-19T16:48:33.134+01:00  INFO 19620 --- [catalogue-service] [           main] o.a.c.c.C.[Tomcat].[localhost].[/]       : Initializing Spring embedded WebApplicationContext
2025-10-19T16:48:33.136+01:00  INFO 19620 --- [catalogue-service] [           main] w.s.c.ServletWebServerApplicationContext : Root WebApplicationContext: initialization completed in 10892 ms
2025-10-19T16:48:34.329+01:00 DEBUG 19620 --- [catalogue-service] [           main] o.s.w.f.ServerHttpObservationFilter      : Filter 'webMvcObservationFilter' configured for use
2025-10-19T16:48:34.479+01:00  INFO 19620 --- [catalogue-service] [           main] o.hibernate.jpa.internal.util.LogHelper  : HHH000204: Processing PersistenceUnitInfo [name: default]
2025-10-19T16:48:34.560+01:00  INFO 19620 --- [catalogue-service] [           main] org.hibernate.Version                    : HHH000412: Hibernate ORM core version 6.5.3.Final
2025-10-19T16:48:34.599+01:00  INFO 19620 --- [catalogue-service] [           main] o.h.c.internal.RegionFactoryInitiator    : HHH000026: Second-level cache disabled
2025-10-19T16:48:35.115+01:00  INFO 19620 --- [catalogue-service] [           main] o.s.o.j.p.SpringPersistenceUnitInfo      : No LoadTimeWeaver setup: ignoring JPA class transformer
2025-10-19T16:48:35.867+01:00  INFO 19620 --- [catalogue-service] [           main] com.zaxxer.hikari.HikariDataSource       : HikariPool-1 - Starting...
2025-10-19T16:48:37.786+01:00  INFO 19620 --- [catalogue-service] [           main] com.zaxxer.hikari.pool.HikariPool        : HikariPool-1 - Added connection com.mysql.cj.jdbc.ConnectionImpl@6ba08a09
2025-10-19T16:48:37.790+01:00  INFO 19620 --- [catalogue-service] [           main] com.zaxxer.hikari.HikariDataSource       : HikariPool-1 - Start completed.
2025-10-19T16:48:37.853+01:00  WARN 19620 --- [catalogue-service] [           main] org.hibernate.orm.deprecation            : HHH90000025: MySQL8Dialect does not need to be specified explicitly using 'hibernate.dialect' (remove the property setting and it will be selected by default)
2025-10-19T16:48:37.856+01:00  WARN 19620 --- [catalogue-service] [           main] org.hibernate.orm.deprecation            : HHH90000026: MySQL8Dialect has been deprecated; use org.hibernate.dialect.MySQLDialect instead
2025-10-19T16:48:44.953+01:00  INFO 19620 --- [catalogue-service] [           main] o.h.e.t.j.p.i.JtaPlatformInitiator       : HHH000489: No JTA platform available (set 'hibernate.transaction.jta.platform' to enable JTA platform integration)
2025-10-19T16:48:46.054+01:00  INFO 19620 --- [catalogue-service] [           main] j.LocalContainerEntityManagerFactoryBean : Initialized JPA EntityManagerFactory for persistence unit 'default'
2025-10-19T16:48:50.096+01:00  WARN 19620 --- [catalogue-service] [           main] JpaBaseConfiguration$JpaWebConfiguration : spring.jpa.open-in-view is enabled by default. Therefore, database queries may be performed during view rendering. Explicitly configure spring.jpa.open-in-view to disable this warning
2025-10-19T16:48:50.174+01:00  WARN 19620 --- [catalogue-service] [           main] .s.s.UserDetailsServiceAutoConfiguration : 

Using generated security password: 8c3dd56e-41b3-4fff-a900-5874a10ec5c5

This generated password is for development use only. Your security configuration must be updated before running your application in production.

2025-10-19T16:48:50.216+01:00  INFO 19620 --- [catalogue-service] [           main] r$InitializeUserDetailsManagerConfigurer : Global AuthenticationManager configured with UserDetailsService bean with name inMemoryUserDetailsManager
2025-10-19T16:48:50.521+01:00 DEBUG 19620 --- [catalogue-service] [           main] s.w.s.m.m.a.RequestMappingHandlerMapping : 13 mappings in 'requestMappingHandlerMapping'
2025-10-19T16:48:50.735+01:00 DEBUG 19620 --- [catalogue-service] [           main] o.s.w.s.handler.SimpleUrlHandlerMapping  : Patterns [/webjars/**, /**] in 'resourceHandlerMapping'
2025-10-19T16:48:51.126+01:00  INFO 19620 --- [catalogue-service] [           main] o.s.b.a.e.web.EndpointLinksResolver      : Exposing 5 endpoints beneath base path '/actuator'
2025-10-19T16:48:51.264+01:00 DEBUG 19620 --- [catalogue-service] [           main] o.s.s.web.DefaultSecurityFilterChain     : Will secure any request with filters: DisableEncodeUrlFilter, WebAsyncManagerIntegrationFilter, SecurityContextHolderFilter, HeaderWriterFilter, LogoutFilter, RequestCacheAwareFilter, SecurityContextHolderAwareRequestFilter, AnonymousAuthenticationFilter, ExceptionTranslationFilter, AuthorizationFilter
2025-10-19T16:48:51.477+01:00 DEBUG 19620 --- [catalogue-service] [           main] s.w.s.m.m.a.RequestMappingHandlerAdapter : ControllerAdvice beans: 0 @ModelAttribute, 0 @InitBinder, 1 RequestBodyAdvice, 1 ResponseBodyAdvice
2025-10-19T16:48:51.542+01:00 DEBUG 19620 --- [catalogue-service] [           main] .m.m.a.ExceptionHandlerExceptionResolver : ControllerAdvice beans: 0 @ExceptionHandler, 1 ResponseBodyAdvice
2025-10-19T16:48:53.966+01:00  INFO 19620 --- [catalogue-service] [           main] DiscoveryClientOptionalArgsConfiguration : Eureka HTTP Client uses RestTemplate.
2025-10-19T16:48:56.080+01:00  WARN 19620 --- [catalogue-service] [           main] iguration$LoadBalancerCaffeineWarnLogger : Spring Cloud LoadBalancer is currently working with the default cache. While this cache implementation is useful for development and tests, it's recommended to use Caffeine cache in production.You can switch to using Caffeine cache, by adding it and org.springframework.cache.caffeine.CaffeineCacheManager to the classpath.
2025-10-19T16:48:57.121+01:00  INFO 19620 --- [catalogue-service] [           main] o.s.c.n.eureka.InstanceInfoFactory       : Setting initial instance status as: STARTING
2025-10-19T16:48:57.166+01:00  INFO 19620 --- [catalogue-service] [           main] com.netflix.discovery.DiscoveryClient    : Initializing Eureka in region us-east-1
2025-10-19T16:48:57.262+01:00  INFO 19620 --- [catalogue-service] [           main] c.n.d.s.r.aws.ConfigClusterResolver      : Resolving eureka endpoints via configuration
2025-10-19T16:48:57.276+01:00  INFO 19620 --- [catalogue-service] [           main] com.netflix.discovery.DiscoveryClient    : Disable delta property : false
2025-10-19T16:48:57.277+01:00  INFO 19620 --- [catalogue-service] [           main] com.netflix.discovery.DiscoveryClient    : Single vip registry refresh property : null
2025-10-19T16:48:57.277+01:00  INFO 19620 --- [catalogue-service] [           main] com.netflix.discovery.DiscoveryClient    : Force full registry fetch : false
2025-10-19T16:48:57.277+01:00  INFO 19620 --- [catalogue-service] [           main] com.netflix.discovery.DiscoveryClient    : Application is null : false
2025-10-19T16:48:57.277+01:00  INFO 19620 --- [catalogue-service] [           main] com.netflix.discovery.DiscoveryClient    : Registered Applications size is zero : true
2025-10-19T16:48:57.277+01:00  INFO 19620 --- [catalogue-service] [           main] com.netflix.discovery.DiscoveryClient    : Application version is -1: true
2025-10-19T16:48:57.277+01:00  INFO 19620 --- [catalogue-service] [           main] com.netflix.discovery.DiscoveryClient    : Getting all instance registry info from the eureka server
2025-10-19T16:48:59.601+01:00 DEBUG 19620 --- [catalogue-service] [           main] o.s.web.client.RestTemplate              : HTTP GET http://localhost:8761/eureka/apps/
2025-10-19T16:49:00.073+01:00 DEBUG 19620 --- [catalogue-service] [           main] o.s.web.client.RestTemplate              : Accept=[application/json, application/*+json]
2025-10-19T16:49:00.286+01:00 DEBUG 19620 --- [catalogue-service] [           main] o.s.web.client.RestTemplate              : Response 200 OK
2025-10-19T16:49:00.290+01:00 DEBUG 19620 --- [catalogue-service] [           main] o.s.web.client.RestTemplate              : Reading to [org.springframework.cloud.netflix.eureka.http.EurekaApplications]
2025-10-19T16:49:00.335+01:00  INFO 19620 --- [catalogue-service] [           main] com.netflix.discovery.DiscoveryClient    : The response status is 200
2025-10-19T16:49:00.339+01:00  INFO 19620 --- [catalogue-service] [           main] com.netflix.discovery.DiscoveryClient    : Starting heartbeat executor: renew interval is: 30
2025-10-19T16:49:00.343+01:00  INFO 19620 --- [catalogue-service] [           main] c.n.discovery.InstanceInfoReplicator     : InstanceInfoReplicator onDemand update allowed rate per min is 4
2025-10-19T16:49:00.346+01:00  INFO 19620 --- [catalogue-service] [           main] com.netflix.discovery.DiscoveryClient    : Discovery Client initialized at timestamp 1760888940345 with initial instances count: 2
2025-10-19T16:49:00.361+01:00  INFO 19620 --- [catalogue-service] [           main] o.s.c.n.e.s.EurekaServiceRegistry        : Registering application CATALOGUE-SERVICE with eureka with status UP
2025-10-19T16:49:00.362+01:00  INFO 19620 --- [catalogue-service] [           main] com.netflix.discovery.DiscoveryClient    : Saw local status change event StatusChangeEvent [timestamp=1760888940362, current=UP, previous=STARTING]
2025-10-19T16:49:00.367+01:00  INFO 19620 --- [catalogue-service] [foReplicator-%d] com.netflix.discovery.DiscoveryClient    : DiscoveryClient_CATALOGUE-SERVICE/192.168.189.1:catalogue-service:8084: registering service...
2025-10-19T16:49:00.376+01:00 DEBUG 19620 --- [catalogue-service] [foReplicator-%d] o.s.web.client.RestTemplate              : HTTP POST http://localhost:8761/eureka/apps/CATALOGUE-SERVICE
2025-10-19T16:49:00.380+01:00 DEBUG 19620 --- [catalogue-service] [foReplicator-%d] o.s.web.client.RestTemplate              : Accept=[application/json, application/*+json]
2025-10-19T16:49:00.399+01:00  INFO 19620 --- [catalogue-service] [           main] o.s.b.w.embedded.tomcat.TomcatWebServer  : Tomcat started on port 8084 (http) with context path '/'
2025-10-19T16:49:00.401+01:00  INFO 19620 --- [catalogue-service] [           main] .s.c.n.e.s.EurekaAutoServiceRegistration : Updating port to 8084
2025-10-19T16:49:00.406+01:00 DEBUG 19620 --- [catalogue-service] [foReplicator-%d] o.s.web.client.RestTemplate              : Writing [InstanceInfo [instanceId = 192.168.189.1:catalogue-service:8084, appName = CATALOGUE-SERVICE, hostName = 192.168.189.1, status = UP, ipAddr = 192.168.189.1, port = 8084, securePort = 443, dataCenterInfo = com.netflix.appinfo.MyDataCenterInfo@647bd553] as "application/json"
2025-10-19T16:49:00.440+01:00 DEBUG 19620 --- [catalogue-service] [foReplicator-%d] o.s.web.client.RestTemplate              : Response 204 NO_CONTENT
2025-10-19T16:49:00.441+01:00  INFO 19620 --- [catalogue-service] [foReplicator-%d] com.netflix.discovery.DiscoveryClient    : DiscoveryClient_CATALOGUE-SERVICE/192.168.189.1:catalogue-service:8084 - registration status: 204
2025-10-19T16:49:00.448+01:00  INFO 19620 --- [catalogue-service] [           main] t.i.c.CatalogueServiceApplication        : Started CatalogueServiceApplication in 39.892 seconds (process running for 40.962)
2025-10-19T16:49:30.341+01:00 DEBUG 19620 --- [catalogue-service] [reshExecutor-%d] o.s.web.client.RestTemplate              : HTTP GET http://localhost:8761/eureka/apps/delta
2025-10-19T16:49:30.342+01:00 DEBUG 19620 --- [catalogue-service] [reshExecutor-%d] o.s.web.client.RestTemplate              : Accept=[application/json, application/*+json]
2025-10-19T16:49:30.343+01:00 DEBUG 19620 --- [catalogue-service] [beatExecutor-%d] o.s.web.client.RestTemplate              : HTTP PUT http://localhost:8761/eureka/apps/CATALOGUE-SERVICE/192.168.189.1:catalogue-service:8084?status=UP&lastDirtyTimestamp=1760888940362
2025-10-19T16:49:30.351+01:00 DEBUG 19620 --- [catalogue-service] [reshExecutor-%d] o.s.web.client.RestTemplate              : Response 200 OK
2025-10-19T16:49:30.352+01:00 DEBUG 19620 --- [catalogue-service] [reshExecutor-%d] o.s.web.client.RestTemplate              : Reading to [org.springframework.cloud.netflix.eureka.http.EurekaApplications]
2025-10-19T16:49:30.358+01:00 DEBUG 19620 --- [catalogue-service] [beatExecutor-%d] o.s.web.client.RestTemplate              : Accept=[application/json, application/*+json]
2025-10-19T16:49:30.365+01:00 DEBUG 19620 --- [catalogue-service] [beatExecutor-%d] o.s.web.client.RestTemplate              : Response 200 OK
2025-10-19T16:50:00.360+01:00 DEBUG 19620 --- [catalogue-service] [reshExecutor-%d] o.s.web.client.RestTemplate              : HTTP GET http://localhost:8761/eureka/apps/delta
2025-10-19T16:50:00.361+01:00 DEBUG 19620 --- [catalogue-service] [reshExecutor-%d] o.s.web.client.RestTemplate              : Accept=[application/json, application/*+json]
2025-10-19T16:50:00.367+01:00 DEBUG 19620 --- [catalogue-service] [beatExecutor-%d] o.s.web.client.RestTemplate              : HTTP PUT http://localhost:8761/eureka/apps/CATALOGUE-SERVICE/192.168.189.1:catalogue-service:8084?status=UP&lastDirtyTimestamp=1760888940362
2025-10-19T16:50:00.368+01:00 DEBUG 19620 --- [catalogue-service] [beatExecutor-%d] o.s.web.client.RestTemplate              : Accept=[application/json, application/*+json]
2025-10-19T16:50:00.368+01:00 DEBUG 19620 --- [catalogue-service] [reshExecutor-%d] o.s.web.client.RestTemplate              : Response 200 OK
2025-10-19T16:50:00.369+01:00 DEBUG 19620 --- [catalogue-service] [reshExecutor-%d] o.s.web.client.RestTemplate              : Reading to [org.springframework.cloud.netflix.eureka.http.EurekaApplications]
2025-10-19T16:50:00.378+01:00 DEBUG 19620 --- [catalogue-service] [beatExecutor-%d] o.s.web.client.RestTemplate              : Response 200 OK
2025-10-19T16:50:30.380+01:00 DEBUG 19620 --- [catalogue-service] [beatExecutor-%d] o.s.web.client.RestTemplate              : HTTP PUT http://localhost:8761/eureka/apps/CATALOGUE-SERVICE/192.168.189.1:catalogue-service:8084?status=UP&lastDirtyTimestamp=1760888940362
2025-10-19T16:50:30.380+01:00 DEBUG 19620 --- [catalogue-service] [reshExecutor-%d] o.s.web.client.RestTemplate              : HTTP GET http://localhost:8761/eureka/apps/delta
2025-10-19T16:50:30.381+01:00 DEBUG 19620 --- [catalogue-service] [beatExecutor-%d] o.s.web.client.RestTemplate              : Accept=[application/json, application/*+json]
2025-10-19T16:50:30.381+01:00 DEBUG 19620 --- [catalogue-service] [reshExecutor-%d] o.s.web.client.RestTemplate              : Accept=[application/json, application/*+json]
2025-10-19T16:50:30.388+01:00 DEBUG 19620 --- [catalogue-service] [reshExecutor-%d] o.s.web.client.RestTemplate              : Response 200 OK
2025-10-19T16:50:30.388+01:00 DEBUG 19620 --- [catalogue-service] [beatExecutor-%d] o.s.web.client.RestTemplate              : Response 200 OK
2025-10-19T16:50:30.389+01:00 DEBUG 19620 --- [catalogue-service] [reshExecutor-%d] o.s.web.client.RestTemplate              : Reading to [org.springframework.cloud.netflix.eureka.http.EurekaApplications]
2025-10-19T16:51:00.390+01:00 DEBUG 19620 --- [catalogue-service] [beatExecutor-%d] o.s.web.client.RestTemplate              : HTTP PUT http://localhost:8761/eureka/apps/CATALOGUE-SERVICE/192.168.189.1:catalogue-service:8084?status=UP&lastDirtyTimestamp=1760888940362
2025-10-19T16:51:00.391+01:00 DEBUG 19620 --- [catalogue-service] [beatExecutor-%d] o.s.web.client.RestTemplate              : Accept=[application/json, application/*+json]
2025-10-19T16:51:00.397+01:00 DEBUG 19620 --- [catalogue-service] [beatExecutor-%d] o.s.web.client.RestTemplate              : Response 200 OK
2025-10-19T16:51:00.398+01:00 DEBUG 19620 --- [catalogue-service] [reshExecutor-%d] o.s.web.client.RestTemplate              : HTTP GET http://localhost:8761/eureka/apps/delta
2025-10-19T16:51:00.399+01:00 DEBUG 19620 --- [catalogue-service] [reshExecutor-%d] o.s.web.client.RestTemplate              : Accept=[application/json, application/*+json]
2025-10-19T16:51:00.405+01:00 DEBUG 19620 --- [catalogue-service] [reshExecutor-%d] o.s.web.client.RestTemplate              : Response 200 OK
2025-10-19T16:51:00.406+01:00 DEBUG 19620 --- [catalogue-service] [reshExecutor-%d] o.s.web.client.RestTemplate              : Reading to [org.springframework.cloud.netflix.eureka.http.EurekaApplications]
2025-10-19T16:51:30.398+01:00 DEBUG 19620 --- [catalogue-service] [beatExecutor-%d] o.s.web.client.RestTemplate              : HTTP PUT http://localhost:8761/eureka/apps/CATALOGUE-SERVICE/192.168.189.1:catalogue-service:8084?status=UP&lastDirtyTimestamp=1760888940362
2025-10-19T16:51:30.399+01:00 DEBUG 19620 --- [catalogue-service] [beatExecutor-%d] o.s.web.client.RestTemplate              : Accept=[application/json, application/*+json]
2025-10-19T16:51:30.406+01:00 DEBUG 19620 --- [catalogue-service] [beatExecutor-%d] o.s.web.client.RestTemplate              : Response 200 OK
2025-10-19T16:51:30.411+01:00 DEBUG 19620 --- [catalogue-service] [reshExecutor-%d] o.s.web.client.RestTemplate              : HTTP GET http://localhost:8761/eureka/apps/delta
2025-10-19T16:51:30.412+01:00 DEBUG 19620 --- [catalogue-service] [reshExecutor-%d] o.s.web.client.RestTemplate              : Accept=[application/json, application/*+json]
2025-10-19T16:51:30.419+01:00 DEBUG 19620 --- [catalogue-service] [reshExecutor-%d] o.s.web.client.RestTemplate              : Response 200 OK
2025-10-19T16:51:30.420+01:00 DEBUG 19620 --- [catalogue-service] [reshExecutor-%d] o.s.web.client.RestTemplate              : Reading to [org.springframework.cloud.netflix.eureka.http.EurekaApplications]
2025-10-19T16:52:00.408+01:00 DEBUG 19620 --- [catalogue-service] [beatExecutor-%d] o.s.web.client.RestTemplate              : HTTP PUT http://localhost:8761/eureka/apps/CATALOGUE-SERVICE/192.168.189.1:catalogue-service:8084?status=UP&lastDirtyTimestamp=1760888940362
2025-10-19T16:52:00.409+01:00 DEBUG 19620 --- [catalogue-service] [beatExecutor-%d] o.s.web.client.RestTemplate              : Accept=[application/json, application/*+json]
2025-10-19T16:52:00.416+01:00 DEBUG 19620 --- [catalogue-service] [beatExecutor-%d] o.s.web.client.RestTemplate              : Response 200 OK
2025-10-19T16:52:00.425+01:00 DEBUG 19620 --- [catalogue-service] [reshExecutor-%d] o.s.web.client.RestTemplate              : HTTP GET http://localhost:8761/eureka/apps/delta
2025-10-19T16:52:00.426+01:00 DEBUG 19620 --- [catalogue-service] [reshExecutor-%d] o.s.web.client.RestTemplate              : Accept=[application/json, application/*+json]
2025-10-19T16:52:00.433+01:00 DEBUG 19620 --- [catalogue-service] [reshExecutor-%d] o.s.web.client.RestTemplate              : Response 200 OK
2025-10-19T16:52:00.433+01:00 DEBUG 19620 --- [catalogue-service] [reshExecutor-%d] o.s.web.client.RestTemplate              : Reading to [org.springframework.cloud.netflix.eureka.http.EurekaApplications]
2025-10-19T16:52:30.418+01:00 DEBUG 19620 --- [catalogue-service] [beatExecutor-%d] o.s.web.client.RestTemplate              : HTTP PUT http://localhost:8761/eureka/apps/CATALOGUE-SERVICE/192.168.189.1:catalogue-service:8084?status=UP&lastDirtyTimestamp=1760888940362
2025-10-19T16:52:30.419+01:00 DEBUG 19620 --- [catalogue-service] [beatExecutor-%d] o.s.web.client.RestTemplate              : Accept=[application/json, application/*+json]
2025-10-19T16:52:30.426+01:00 DEBUG 19620 --- [catalogue-service] [beatExecutor-%d] o.s.web.client.RestTemplate              : Response 200 OK
2025-10-19T16:52:30.439+01:00 DEBUG 19620 --- [catalogue-service] [reshExecutor-%d] o.s.web.client.RestTemplate              : HTTP GET http://localhost:8761/eureka/apps/delta
2025-10-19T16:52:30.439+01:00 DEBUG 19620 --- [catalogue-service] [reshExecutor-%d] o.s.web.client.RestTemplate              : Accept=[application/json, application/*+json]
2025-10-19T16:52:30.446+01:00 DEBUG 19620 --- [catalogue-service] [reshExecutor-%d] o.s.web.client.RestTemplate              : Response 200 OK
2025-10-19T16:52:30.446+01:00 DEBUG 19620 --- [catalogue-service] [reshExecutor-%d] o.s.web.client.RestTemplate              : Reading to [org.springframework.cloud.netflix.eureka.http.EurekaApplications]
2025-10-19T16:53:00.428+01:00 DEBUG 19620 --- [catalogue-service] [beatExecutor-%d] o.s.web.client.RestTemplate              : HTTP PUT http://localhost:8761/eureka/apps/CATALOGUE-SERVICE/192.168.189.1:catalogue-service:8084?status=UP&lastDirtyTimestamp=1760888940362
2025-10-19T16:53:00.428+01:00 DEBUG 19620 --- [catalogue-service] [beatExecutor-%d] o.s.web.client.RestTemplate              : Accept=[application/json, application/*+json]
2025-10-19T16:53:00.436+01:00 DEBUG 19620 --- [catalogue-service] [beatExecutor-%d] o.s.web.client.RestTemplate              : Response 200 OK
2025-10-19T16:53:00.451+01:00 DEBUG 19620 --- [catalogue-service] [reshExecutor-%d] o.s.web.client.RestTemplate              : HTTP GET http://localhost:8761/eureka/apps/delta
2025-10-19T16:53:00.452+01:00 DEBUG 19620 --- [catalogue-service] [reshExecutor-%d] o.s.web.client.RestTemplate              : Accept=[application/json, application/*+json]
2025-10-19T16:53:00.459+01:00 DEBUG 19620 --- [catalogue-service] [reshExecutor-%d] o.s.web.client.RestTemplate              : Response 200 OK
2025-10-19T16:53:00.459+01:00 DEBUG 19620 --- [catalogue-service] [reshExecutor-%d] o.s.web.client.RestTemplate              : Reading to [org.springframework.cloud.netflix.eureka.http.EurekaApplications]
2025-10-19T16:53:30.437+01:00 DEBUG 19620 --- [catalogue-service] [beatExecutor-%d] o.s.web.client.RestTemplate              : HTTP PUT http://localhost:8761/eureka/apps/CATALOGUE-SERVICE/192.168.189.1:catalogue-service:8084?status=UP&lastDirtyTimestamp=1760888940362
2025-10-19T16:53:30.439+01:00 DEBUG 19620 --- [catalogue-service] [beatExecutor-%d] o.s.web.client.RestTemplate              : Accept=[application/json, application/*+json]
2025-10-19T16:53:30.447+01:00 DEBUG 19620 --- [catalogue-service] [beatExecutor-%d] o.s.web.client.RestTemplate              : Response 200 OK
2025-10-19T16:53:30.463+01:00 DEBUG 19620 --- [catalogue-service] [reshExecutor-%d] o.s.web.client.RestTemplate              : HTTP GET http://localhost:8761/eureka/apps/delta
2025-10-19T16:53:30.463+01:00 DEBUG 19620 --- [catalogue-service] [reshExecutor-%d] o.s.web.client.RestTemplate              : Accept=[application/json, application/*+json]
2025-10-19T16:53:30.468+01:00 DEBUG 19620 --- [catalogue-service] [reshExecutor-%d] o.s.web.client.RestTemplate              : Response 200 OK
2025-10-19T16:53:30.469+01:00 DEBUG 19620 --- [catalogue-service] [reshExecutor-%d] o.s.web.client.RestTemplate              : Reading to [org.springframework.cloud.netflix.eureka.http.EurekaApplications]
2025-10-19T16:53:57.279+01:00  INFO 19620 --- [catalogue-service] [rap-executor-%d] c.n.d.s.r.aws.ConfigClusterResolver      : Resolving eureka endpoints via configuration
2025-10-19T16:54:00.449+01:00 DEBUG 19620 --- [catalogue-service] [beatExecutor-%d] o.s.web.client.RestTemplate              : HTTP PUT http://localhost:8761/eureka/apps/CATALOGUE-SERVICE/192.168.189.1:catalogue-service:8084?status=UP&lastDirtyTimestamp=1760888940362
2025-10-19T16:54:00.450+01:00 DEBUG 19620 --- [catalogue-service] [beatExecutor-%d] o.s.web.client.RestTemplate              : Accept=[application/json, application/*+json]
2025-10-19T16:54:00.456+01:00 DEBUG 19620 --- [catalogue-service] [beatExecutor-%d] o.s.web.client.RestTemplate              : Response 200 OK
2025-10-19T16:54:00.472+01:00 DEBUG 19620 --- [catalogue-service] [reshExecutor-%d] o.s.web.client.RestTemplate              : HTTP GET http://localhost:8761/eureka/apps/delta
2025-10-19T16:54:00.473+01:00 DEBUG 19620 --- [catalogue-service] [reshExecutor-%d] o.s.web.client.RestTemplate              : Accept=[application/json, application/*+json]
2025-10-19T16:54:00.479+01:00 DEBUG 19620 --- [catalogue-service] [reshExecutor-%d] o.s.web.client.RestTemplate              : Response 200 OK
2025-10-19T16:54:00.480+01:00 DEBUG 19620 --- [catalogue-service] [reshExecutor-%d] o.s.web.client.RestTemplate              : Reading to [org.springframework.cloud.netflix.eureka.http.EurekaApplications]
2025-10-19T16:54:30.458+01:00 DEBUG 19620 --- [catalogue-service] [beatExecutor-%d] o.s.web.client.RestTemplate              : HTTP PUT http://localhost:8761/eureka/apps/CATALOGUE-SERVICE/192.168.189.1:catalogue-service:8084?status=UP&lastDirtyTimestamp=1760888940362
2025-10-19T16:54:30.459+01:00 DEBUG 19620 --- [catalogue-service] [beatExecutor-%d] o.s.web.client.RestTemplate              : Accept=[application/json, application/*+json]
2025-10-19T16:54:30.467+01:00 DEBUG 19620 --- [catalogue-service] [beatExecutor-%d] o.s.web.client.RestTemplate              : Response 200 OK
2025-10-19T16:54:30.484+01:00 DEBUG 19620 --- [catalogue-service] [reshExecutor-%d] o.s.web.client.RestTemplate              : HTTP GET http://localhost:8761/eureka/apps/delta
2025-10-19T16:54:30.485+01:00 DEBUG 19620 --- [catalogue-service] [reshExecutor-%d] o.s.web.client.RestTemplate              : Accept=[application/json, application/*+json]
2025-10-19T16:54:30.491+01:00 DEBUG 19620 --- [catalogue-service] [reshExecutor-%d] o.s.web.client.RestTemplate              : Response 200 OK
2025-10-19T16:54:30.492+01:00 DEBUG 19620 --- [catalogue-service] [reshExecutor-%d] o.s.web.client.RestTemplate              : Reading to [org.springframework.cloud.netflix.eureka.http.EurekaApplications]
2025-10-19T16:55:00.468+01:00 DEBUG 19620 --- [catalogue-service] [beatExecutor-%d] o.s.web.client.RestTemplate              : HTTP PUT http://localhost:8761/eureka/apps/CATALOGUE-SERVICE/192.168.189.1:catalogue-service:8084?status=UP&lastDirtyTimestamp=1760888940362
2025-10-19T16:55:00.469+01:00 DEBUG 19620 --- [catalogue-service] [beatExecutor-%d] o.s.web.client.RestTemplate              : Accept=[application/json, application/*+json]
2025-10-19T16:55:00.476+01:00 DEBUG 19620 --- [catalogue-service] [beatExecutor-%d] o.s.web.client.RestTemplate              : Response 200 OK
2025-10-19T16:55:00.496+01:00 DEBUG 19620 --- [catalogue-service] [reshExecutor-%d] o.s.web.client.RestTemplate              : HTTP GET http://localhost:8761/eureka/apps/delta
2025-10-19T16:55:00.497+01:00 DEBUG 19620 --- [catalogue-service] [reshExecutor-%d] o.s.web.client.RestTemplate              : Accept=[application/json, application/*+json]
2025-10-19T16:55:00.502+01:00 DEBUG 19620 --- [catalogue-service] [reshExecutor-%d] o.s.web.client.RestTemplate              : Response 200 OK
2025-10-19T16:55:00.503+01:00 DEBUG 19620 --- [catalogue-service] [reshExecutor-%d] o.s.web.client.RestTemplate              : Reading to [org.springframework.cloud.netflix.eureka.http.EurekaApplications]
2025-10-19T16:55:30.478+01:00 DEBUG 19620 --- [catalogue-service] [beatExecutor-%d] o.s.web.client.RestTemplate              : HTTP PUT http://localhost:8761/eureka/apps/CATALOGUE-SERVICE/192.168.189.1:catalogue-service:8084?status=UP&lastDirtyTimestamp=1760888940362
2025-10-19T16:55:30.479+01:00 DEBUG 19620 --- [catalogue-service] [beatExecutor-%d] o.s.web.client.RestTemplate              : Accept=[application/json, application/*+json]
2025-10-19T16:55:30.485+01:00 DEBUG 19620 --- [catalogue-service] [beatExecutor-%d] o.s.web.client.RestTemplate              : Response 200 OK
2025-10-19T16:55:30.507+01:00 DEBUG 19620 --- [catalogue-service] [reshExecutor-%d] o.s.web.client.RestTemplate              : HTTP GET http://localhost:8761/eureka/apps/delta
2025-10-19T16:55:30.507+01:00 DEBUG 19620 --- [catalogue-service] [reshExecutor-%d] o.s.web.client.RestTemplate              : Accept=[application/json, application/*+json]
2025-10-19T16:55:30.514+01:00 DEBUG 19620 --- [catalogue-service] [reshExecutor-%d] o.s.web.client.RestTemplate              : Response 200 OK
2025-10-19T16:55:30.515+01:00 DEBUG 19620 --- [catalogue-service] [reshExecutor-%d] o.s.web.client.RestTemplate              : Reading to [org.springframework.cloud.netflix.eureka.http.EurekaApplications]
2025-10-19T16:56:00.487+01:00 DEBUG 19620 --- [catalogue-service] [beatExecutor-%d] o.s.web.client.RestTemplate              : HTTP PUT http://localhost:8761/eureka/apps/CATALOGUE-SERVICE/192.168.189.1:catalogue-service:8084?status=UP&lastDirtyTimestamp=1760888940362
2025-10-19T16:56:00.489+01:00 DEBUG 19620 --- [catalogue-service] [beatExecutor-%d] o.s.web.client.RestTemplate              : Accept=[application/json, application/*+json]
2025-10-19T16:56:00.495+01:00 DEBUG 19620 --- [catalogue-service] [beatExecutor-%d] o.s.web.client.RestTemplate              : Response 200 OK
2025-10-19T16:56:00.519+01:00 DEBUG 19620 --- [catalogue-service] [reshExecutor-%d] o.s.web.client.RestTemplate              : HTTP GET http://localhost:8761/eureka/apps/delta
2025-10-19T16:56:00.520+01:00 DEBUG 19620 --- [catalogue-service] [reshExecutor-%d] o.s.web.client.RestTemplate              : Accept=[application/json, application/*+json]
2025-10-19T16:56:00.526+01:00 DEBUG 19620 --- [catalogue-service] [reshExecutor-%d] o.s.web.client.RestTemplate              : Response 200 OK
2025-10-19T16:56:00.526+01:00 DEBUG 19620 --- [catalogue-service] [reshExecutor-%d] o.s.web.client.RestTemplate              : Reading to [org.springframework.cloud.netflix.eureka.http.EurekaApplications]
2025-10-19T16:56:30.497+01:00 DEBUG 19620 --- [catalogue-service] [beatExecutor-%d] o.s.web.client.RestTemplate              : HTTP PUT http://localhost:8761/eureka/apps/CATALOGUE-SERVICE/192.168.189.1:catalogue-service:8084?status=UP&lastDirtyTimestamp=1760888940362
2025-10-19T16:56:30.498+01:00 DEBUG 19620 --- [catalogue-service] [beatExecutor-%d] o.s.web.client.RestTemplate              : Accept=[application/json, application/*+json]
2025-10-19T16:56:30.503+01:00 DEBUG 19620 --- [catalogue-service] [beatExecutor-%d] o.s.web.client.RestTemplate              : Response 200 OK
2025-10-19T16:56:30.528+01:00 DEBUG 19620 --- [catalogue-service] [reshExecutor-%d] o.s.web.client.RestTemplate              : HTTP GET http://localhost:8761/eureka/apps/delta
2025-10-19T16:56:30.529+01:00 DEBUG 19620 --- [catalogue-service] [reshExecutor-%d] o.s.web.client.RestTemplate              : Accept=[application/json, application/*+json]
2025-10-19T16:56:30.535+01:00 DEBUG 19620 --- [catalogue-service] [reshExecutor-%d] o.s.web.client.RestTemplate              : Response 200 OK
2025-10-19T16:56:30.535+01:00 DEBUG 19620 --- [catalogue-service] [reshExecutor-%d] o.s.web.client.RestTemplate              : Reading to [org.springframework.cloud.netflix.eureka.http.EurekaApplications]
2025-10-19T16:57:00.505+01:00 DEBUG 19620 --- [catalogue-service] [beatExecutor-%d] o.s.web.client.RestTemplate              : HTTP PUT http://localhost:8761/eureka/apps/CATALOGUE-SERVICE/192.168.189.1:catalogue-service:8084?status=UP&lastDirtyTimestamp=1760888940362
2025-10-19T16:57:00.506+01:00 DEBUG 19620 --- [catalogue-service] [beatExecutor-%d] o.s.web.client.RestTemplate              : Accept=[application/json, application/*+json]
2025-10-19T16:57:00.513+01:00 DEBUG 19620 --- [catalogue-service] [beatExecutor-%d] o.s.web.client.RestTemplate              : Response 200 OK
2025-10-19T16:57:00.539+01:00 DEBUG 19620 --- [catalogue-service] [reshExecutor-%d] o.s.web.client.RestTemplate              : HTTP GET http://localhost:8761/eureka/apps/delta
2025-10-19T16:57:00.540+01:00 DEBUG 19620 --- [catalogue-service] [reshExecutor-%d] o.s.web.client.RestTemplate              : Accept=[application/json, application/*+json]
2025-10-19T16:57:00.547+01:00 DEBUG 19620 --- [catalogue-service] [reshExecutor-%d] o.s.web.client.RestTemplate              : Response 200 OK
2025-10-19T16:57:00.547+01:00 DEBUG 19620 --- [catalogue-service] [reshExecutor-%d] o.s.web.client.RestTemplate              : Reading to [org.springframework.cloud.netflix.eureka.http.EurekaApplications]
2025-10-19T16:57:30.515+01:00 DEBUG 19620 --- [catalogue-service] [beatExecutor-%d] o.s.web.client.RestTemplate              : HTTP PUT http://localhost:8761/eureka/apps/CATALOGUE-SERVICE/192.168.189.1:catalogue-service:8084?status=UP&lastDirtyTimestamp=1760888940362
2025-10-19T16:57:30.515+01:00 DEBUG 19620 --- [catalogue-service] [beatExecutor-%d] o.s.web.client.RestTemplate              : Accept=[application/json, application/*+json]
2025-10-19T16:57:30.521+01:00 DEBUG 19620 --- [catalogue-service] [beatExecutor-%d] o.s.web.client.RestTemplate              : Response 200 OK
2025-10-19T16:57:30.550+01:00 DEBUG 19620 --- [catalogue-service] [reshExecutor-%d] o.s.web.client.RestTemplate              : HTTP GET http://localhost:8761/eureka/apps/delta
2025-10-19T16:57:30.551+01:00 DEBUG 19620 --- [catalogue-service] [reshExecutor-%d] o.s.web.client.RestTemplate              : Accept=[application/json, application/*+json]
2025-10-19T16:57:30.555+01:00 DEBUG 19620 --- [catalogue-service] [reshExecutor-%d] o.s.web.client.RestTemplate              : Response 200 OK
2025-10-19T16:57:30.556+01:00 DEBUG 19620 --- [catalogue-service] [reshExecutor-%d] o.s.web.client.RestTemplate              : Reading to [org.springframework.cloud.netflix.eureka.http.EurekaApplications]
2025-10-19T16:58:00.523+01:00 DEBUG 19620 --- [catalogue-service] [beatExecutor-%d] o.s.web.client.RestTemplate              : HTTP PUT http://localhost:8761/eureka/apps/CATALOGUE-SERVICE/192.168.189.1:catalogue-service:8084?status=UP&lastDirtyTimestamp=1760888940362
2025-10-19T16:58:00.524+01:00 DEBUG 19620 --- [catalogue-service] [beatExecutor-%d] o.s.web.client.RestTemplate              : Accept=[application/json, application/*+json]
2025-10-19T16:58:00.530+01:00 DEBUG 19620 --- [catalogue-service] [beatExecutor-%d] o.s.web.client.RestTemplate              : Response 200 OK
2025-10-19T16:58:00.558+01:00 DEBUG 19620 --- [catalogue-service] [reshExecutor-%d] o.s.web.client.RestTemplate              : HTTP GET http://localhost:8761/eureka/apps/delta
2025-10-19T16:58:00.559+01:00 DEBUG 19620 --- [catalogue-service] [reshExecutor-%d] o.s.web.client.RestTemplate              : Accept=[application/json, application/*+json]
2025-10-19T16:58:00.564+01:00 DEBUG 19620 --- [catalogue-service] [reshExecutor-%d] o.s.web.client.RestTemplate              : Response 200 OK
2025-10-19T16:58:00.565+01:00 DEBUG 19620 --- [catalogue-service] [reshExecutor-%d] o.s.web.client.RestTemplate              : Reading to [org.springframework.cloud.netflix.eureka.http.EurekaApplications]
2025-10-19T16:58:30.532+01:00 DEBUG 19620 --- [catalogue-service] [beatExecutor-%d] o.s.web.client.RestTemplate              : HTTP PUT http://localhost:8761/eureka/apps/CATALOGUE-SERVICE/192.168.189.1:catalogue-service:8084?status=UP&lastDirtyTimestamp=1760888940362
2025-10-19T16:58:30.532+01:00 DEBUG 19620 --- [catalogue-service] [beatExecutor-%d] o.s.web.client.RestTemplate              : Accept=[application/json, application/*+json]
2025-10-19T16:58:30.537+01:00 DEBUG 19620 --- [catalogue-service] [beatExecutor-%d] o.s.web.client.RestTemplate              : Response 200 OK
2025-10-19T16:58:30.567+01:00 DEBUG 19620 --- [catalogue-service] [reshExecutor-%d] o.s.web.client.RestTemplate              : HTTP GET http://localhost:8761/eureka/apps/delta
2025-10-19T16:58:30.568+01:00 DEBUG 19620 --- [catalogue-service] [reshExecutor-%d] o.s.web.client.RestTemplate              : Accept=[application/json, application/*+json]
2025-10-19T16:58:30.573+01:00 DEBUG 19620 --- [catalogue-service] [reshExecutor-%d] o.s.web.client.RestTemplate              : Response 200 OK
2025-10-19T16:58:30.574+01:00 DEBUG 19620 --- [catalogue-service] [reshExecutor-%d] o.s.web.client.RestTemplate              : Reading to [org.springframework.cloud.netflix.eureka.http.EurekaApplications]
2025-10-19T16:58:57.280+01:00  INFO 19620 --- [catalogue-service] [rap-executor-%d] c.n.d.s.r.aws.ConfigClusterResolver      : Resolving eureka endpoints via configuration
2025-10-19T16:59:00.538+01:00 DEBUG 19620 --- [catalogue-service] [beatExecutor-%d] o.s.web.client.RestTemplate              : HTTP PUT http://localhost:8761/eureka/apps/CATALOGUE-SERVICE/192.168.189.1:catalogue-service:8084?status=UP&lastDirtyTimestamp=1760888940362
2025-10-19T16:59:00.539+01:00 DEBUG 19620 --- [catalogue-service] [beatExecutor-%d] o.s.web.client.RestTemplate              : Accept=[application/json, application/*+json]
2025-10-19T16:59:00.545+01:00 DEBUG 19620 --- [catalogue-service] [beatExecutor-%d] o.s.web.client.RestTemplate              : Response 200 OK
2025-10-19T16:59:00.576+01:00 DEBUG 19620 --- [catalogue-service] [reshExecutor-%d] o.s.web.client.RestTemplate              : HTTP GET http://localhost:8761/eureka/apps/delta
2025-10-19T16:59:00.577+01:00 DEBUG 19620 --- [catalogue-service] [reshExecutor-%d] o.s.web.client.RestTemplate              : Accept=[application/json, application/*+json]
2025-10-19T16:59:00.582+01:00 DEBUG 19620 --- [catalogue-service] [reshExecutor-%d] o.s.web.client.RestTemplate              : Response 200 OK
2025-10-19T16:59:00.583+01:00 DEBUG 19620 --- [catalogue-service] [reshExecutor-%d] o.s.web.client.RestTemplate              : Reading to [org.springframework.cloud.netflix.eureka.http.EurekaApplications]
2025-10-19T16:59:30.547+01:00 DEBUG 19620 --- [catalogue-service] [beatExecutor-%d] o.s.web.client.RestTemplate              : HTTP PUT http://localhost:8761/eureka/apps/CATALOGUE-SERVICE/192.168.189.1:catalogue-service:8084?status=UP&lastDirtyTimestamp=1760888940362
2025-10-19T16:59:30.548+01:00 DEBUG 19620 --- [catalogue-service] [beatExecutor-%d] o.s.web.client.RestTemplate              : Accept=[application/json, application/*+json]
2025-10-19T16:59:30.555+01:00 DEBUG 19620 --- [catalogue-service] [beatExecutor-%d] o.s.web.client.RestTemplate              : Response 200 OK
2025-10-19T16:59:30.585+01:00 DEBUG 19620 --- [catalogue-service] [reshExecutor-%d] o.s.web.client.RestTemplate              : HTTP GET http://localhost:8761/eureka/apps/delta
2025-10-19T16:59:30.586+01:00 DEBUG 19620 --- [catalogue-service] [reshExecutor-%d] o.s.web.client.RestTemplate              : Accept=[application/json, application/*+json]
2025-10-19T16:59:30.593+01:00 DEBUG 19620 --- [catalogue-service] [reshExecutor-%d] o.s.web.client.RestTemplate              : Response 200 OK
2025-10-19T16:59:30.593+01:00 DEBUG 19620 --- [catalogue-service] [reshExecutor-%d] o.s.web.client.RestTemplate              : Reading to [org.springframework.cloud.netflix.eureka.http.EurekaApplications]
2025-10-19T17:00:00.557+01:00 DEBUG 19620 --- [catalogue-service] [beatExecutor-%d] o.s.web.client.RestTemplate              : HTTP PUT http://localhost:8761/eureka/apps/CATALOGUE-SERVICE/192.168.189.1:catalogue-service:8084?status=UP&lastDirtyTimestamp=1760888940362
2025-10-19T17:00:00.557+01:00 DEBUG 19620 --- [catalogue-service] [beatExecutor-%d] o.s.web.client.RestTemplate              : Accept=[application/json, application/*+json]
2025-10-19T17:00:00.563+01:00 DEBUG 19620 --- [catalogue-service] [beatExecutor-%d] o.s.web.client.RestTemplate              : Response 200 OK
2025-10-19T17:00:00.597+01:00 DEBUG 19620 --- [catalogue-service] [reshExecutor-%d] o.s.web.client.RestTemplate              : HTTP GET http://localhost:8761/eureka/apps/delta
2025-10-19T17:00:00.598+01:00 DEBUG 19620 --- [catalogue-service] [reshExecutor-%d] o.s.web.client.RestTemplate              : Accept=[application/json, application/*+json]
2025-10-19T17:00:00.602+01:00 DEBUG 19620 --- [catalogue-service] [reshExecutor-%d] o.s.web.client.RestTemplate              : Response 200 OK
2025-10-19T17:00:00.603+01:00 DEBUG 19620 --- [catalogue-service] [reshExecutor-%d] o.s.web.client.RestTemplate              : Reading to [org.springframework.cloud.netflix.eureka.http.EurekaApplications]
2025-10-19T17:00:30.565+01:00 DEBUG 19620 --- [catalogue-service] [beatExecutor-%d] o.s.web.client.RestTemplate              : HTTP PUT http://localhost:8761/eureka/apps/CATALOGUE-SERVICE/192.168.189.1:catalogue-service:8084?status=UP&lastDirtyTimestamp=1760888940362
2025-10-19T17:00:30.566+01:00 DEBUG 19620 --- [catalogue-service] [beatExecutor-%d] o.s.web.client.RestTemplate              : Accept=[application/json, application/*+json]
2025-10-19T17:00:30.571+01:00 DEBUG 19620 --- [catalogue-service] [beatExecutor-%d] o.s.web.client.RestTemplate              : Response 200 OK
2025-10-19T17:00:30.605+01:00 DEBUG 19620 --- [catalogue-service] [reshExecutor-%d] o.s.web.client.RestTemplate              : HTTP GET http://localhost:8761/eureka/apps/delta
2025-10-19T17:00:30.606+01:00 DEBUG 19620 --- [catalogue-service] [reshExecutor-%d] o.s.web.client.RestTemplate              : Accept=[application/json, application/*+json]
2025-10-19T17:00:30.611+01:00 DEBUG 19620 --- [catalogue-service] [reshExecutor-%d] o.s.web.client.RestTemplate              : Response 200 OK
2025-10-19T17:00:30.611+01:00 DEBUG 19620 --- [catalogue-service] [reshExecutor-%d] o.s.web.client.RestTemplate              : Reading to [org.springframework.cloud.netflix.eureka.http.EurekaApplications]
2025-10-19T17:01:00.573+01:00 DEBUG 19620 --- [catalogue-service] [beatExecutor-%d] o.s.web.client.RestTemplate              : HTTP PUT http://localhost:8761/eureka/apps/CATALOGUE-SERVICE/192.168.189.1:catalogue-service:8084?status=UP&lastDirtyTimestamp=1760888940362
2025-10-19T17:01:00.574+01:00 DEBUG 19620 --- [catalogue-service] [beatExecutor-%d] o.s.web.client.RestTemplate              : Accept=[application/json, application/*+json]
2025-10-19T17:01:00.579+01:00 DEBUG 19620 --- [catalogue-service] [beatExecutor-%d] o.s.web.client.RestTemplate              : Response 200 OK
2025-10-19T17:01:00.613+01:00 DEBUG 19620 --- [catalogue-service] [reshExecutor-%d] o.s.web.client.RestTemplate              : HTTP GET http://localhost:8761/eureka/apps/delta
2025-10-19T17:01:00.614+01:00 DEBUG 19620 --- [catalogue-service] [reshExecutor-%d] o.s.web.client.RestTemplate              : Accept=[application/json, application/*+json]
2025-10-19T17:01:00.618+01:00 DEBUG 19620 --- [catalogue-service] [reshExecutor-%d] o.s.web.client.RestTemplate              : Response 200 OK
2025-10-19T17:01:00.619+01:00 DEBUG 19620 --- [catalogue-service] [reshExecutor-%d] o.s.web.client.RestTemplate              : Reading to [org.springframework.cloud.netflix.eureka.http.EurekaApplications]
2025-10-19T17:01:30.580+01:00 DEBUG 19620 --- [catalogue-service] [beatExecutor-%d] o.s.web.client.RestTemplate              : HTTP PUT http://localhost:8761/eureka/apps/CATALOGUE-SERVICE/192.168.189.1:catalogue-service:8084?status=UP&lastDirtyTimestamp=1760888940362
2025-10-19T17:01:30.581+01:00 DEBUG 19620 --- [catalogue-service] [beatExecutor-%d] o.s.web.client.RestTemplate              : Accept=[application/json, application/*+json]
2025-10-19T17:01:30.586+01:00 DEBUG 19620 --- [catalogue-service] [beatExecutor-%d] o.s.web.client.RestTemplate              : Response 200 OK
2025-10-19T17:01:30.621+01:00 DEBUG 19620 --- [catalogue-service] [reshExecutor-%d] o.s.web.client.RestTemplate              : HTTP GET http://localhost:8761/eureka/apps/delta
2025-10-19T17:01:30.622+01:00 DEBUG 19620 --- [catalogue-service] [reshExecutor-%d] o.s.web.client.RestTemplate              : Accept=[application/json, application/*+json]
2025-10-19T17:01:30.627+01:00 DEBUG 19620 --- [catalogue-service] [reshExecutor-%d] o.s.web.client.RestTemplate              : Response 200 OK
2025-10-19T17:01:30.628+01:00 DEBUG 19620 --- [catalogue-service] [reshExecutor-%d] o.s.web.client.RestTemplate              : Reading to [org.springframework.cloud.netflix.eureka.http.EurekaApplications]
2025-10-19T17:02:00.587+01:00 DEBUG 19620 --- [catalogue-service] [beatExecutor-%d] o.s.web.client.RestTemplate              : HTTP PUT http://localhost:8761/eureka/apps/CATALOGUE-SERVICE/192.168.189.1:catalogue-service:8084?status=UP&lastDirtyTimestamp=1760888940362
2025-10-19T17:02:00.588+01:00 DEBUG 19620 --- [catalogue-service] [beatExecutor-%d] o.s.web.client.RestTemplate              : Accept=[application/json, application/*+json]
2025-10-19T17:02:00.594+01:00 DEBUG 19620 --- [catalogue-service] [beatExecutor-%d] o.s.web.client.RestTemplate              : Response 200 OK
2025-10-19T17:02:00.630+01:00 DEBUG 19620 --- [catalogue-service] [reshExecutor-%d] o.s.web.client.RestTemplate              : HTTP GET http://localhost:8761/eureka/apps/delta
2025-10-19T17:02:00.631+01:00 DEBUG 19620 --- [catalogue-service] [reshExecutor-%d] o.s.web.client.RestTemplate              : Accept=[application/json, application/*+json]
2025-10-19T17:02:00.635+01:00 DEBUG 19620 --- [catalogue-service] [reshExecutor-%d] o.s.web.client.RestTemplate              : Response 200 OK
2025-10-19T17:02:00.636+01:00 DEBUG 19620 --- [catalogue-service] [reshExecutor-%d] o.s.web.client.RestTemplate              : Reading to [org.springframework.cloud.netflix.eureka.http.EurekaApplications]
2025-10-19T17:02:30.595+01:00 DEBUG 19620 --- [catalogue-service] [beatExecutor-%d] o.s.web.client.RestTemplate              : HTTP PUT http://localhost:8761/eureka/apps/CATALOGUE-SERVICE/192.168.189.1:catalogue-service:8084?status=UP&lastDirtyTimestamp=1760888940362
2025-10-19T17:02:30.596+01:00 DEBUG 19620 --- [catalogue-service] [beatExecutor-%d] o.s.web.client.RestTemplate              : Accept=[application/json, application/*+json]
2025-10-19T17:02:30.601+01:00 DEBUG 19620 --- [catalogue-service] [beatExecutor-%d] o.s.web.client.RestTemplate              : Response 200 OK
2025-10-19T17:02:30.638+01:00 DEBUG 19620 --- [catalogue-service] [reshExecutor-%d] o.s.web.client.RestTemplate              : HTTP GET http://localhost:8761/eureka/apps/delta
2025-10-19T17:02:30.639+01:00 DEBUG 19620 --- [catalogue-service] [reshExecutor-%d] o.s.web.client.RestTemplate              : Accept=[application/json, application/*+json]
2025-10-19T17:02:30.643+01:00 DEBUG 19620 --- [catalogue-service] [reshExecutor-%d] o.s.web.client.RestTemplate              : Response 200 OK
2025-10-19T17:02:30.644+01:00 DEBUG 19620 --- [catalogue-service] [reshExecutor-%d] o.s.web.client.RestTemplate              : Reading to [org.springframework.cloud.netflix.eureka.http.EurekaApplications]
2025-10-19T17:03:00.603+01:00 DEBUG 19620 --- [catalogue-service] [beatExecutor-%d] o.s.web.client.RestTemplate              : HTTP PUT http://localhost:8761/eureka/apps/CATALOGUE-SERVICE/192.168.189.1:catalogue-service:8084?status=UP&lastDirtyTimestamp=1760888940362
2025-10-19T17:03:00.604+01:00 DEBUG 19620 --- [catalogue-service] [beatExecutor-%d] o.s.web.client.RestTemplate              : Accept=[application/json, application/*+json]
2025-10-19T17:03:00.609+01:00 DEBUG 19620 --- [catalogue-service] [beatExecutor-%d] o.s.web.client.RestTemplate              : Response 200 OK
2025-10-19T17:03:00.646+01:00 DEBUG 19620 --- [catalogue-service] [reshExecutor-%d] o.s.web.client.RestTemplate              : HTTP GET http://localhost:8761/eureka/apps/delta
2025-10-19T17:03:00.647+01:00 DEBUG 19620 --- [catalogue-service] [reshExecutor-%d] o.s.web.client.RestTemplate              : Accept=[application/json, application/*+json]
2025-10-19T17:03:00.652+01:00 DEBUG 19620 --- [catalogue-service] [reshExecutor-%d] o.s.web.client.RestTemplate              : Response 200 OK
2025-10-19T17:03:00.652+01:00 DEBUG 19620 --- [catalogue-service] [reshExecutor-%d] o.s.web.client.RestTemplate              : Reading to [org.springframework.cloud.netflix.eureka.http.EurekaApplications]
2025-10-19T17:03:30.611+01:00 DEBUG 19620 --- [catalogue-service] [beatExecutor-%d] o.s.web.client.RestTemplate              : HTTP PUT http://localhost:8761/eureka/apps/CATALOGUE-SERVICE/192.168.189.1:catalogue-service:8084?status=UP&lastDirtyTimestamp=1760888940362
2025-10-19T17:03:30.611+01:00 DEBUG 19620 --- [catalogue-service] [beatExecutor-%d] o.s.web.client.RestTemplate              : Accept=[application/json, application/*+json]
2025-10-19T17:03:30.616+01:00 DEBUG 19620 --- [catalogue-service] [beatExecutor-%d] o.s.web.client.RestTemplate              : Response 200 OK
2025-10-19T17:03:30.654+01:00 DEBUG 19620 --- [catalogue-service] [reshExecutor-%d] o.s.web.client.RestTemplate              : HTTP GET http://localhost:8761/eureka/apps/delta
2025-10-19T17:03:30.655+01:00 DEBUG 19620 --- [catalogue-service] [reshExecutor-%d] o.s.web.client.RestTemplate              : Accept=[application/json, application/*+json]
2025-10-19T17:03:30.660+01:00 DEBUG 19620 --- [catalogue-service] [reshExecutor-%d] o.s.web.client.RestTemplate              : Response 200 OK
2025-10-19T17:03:30.660+01:00 DEBUG 19620 --- [catalogue-service] [reshExecutor-%d] o.s.web.client.RestTemplate              : Reading to [org.springframework.cloud.netflix.eureka.http.EurekaApplications]
2025-10-19T17:03:57.281+01:00  INFO 19620 --- [catalogue-service] [rap-executor-%d] c.n.d.s.r.aws.ConfigClusterResolver      : Resolving eureka endpoints via configuration
2025-10-19T17:04:00.618+01:00 DEBUG 19620 --- [catalogue-service] [beatExecutor-%d] o.s.web.client.RestTemplate              : HTTP PUT http://localhost:8761/eureka/apps/CATALOGUE-SERVICE/192.168.189.1:catalogue-service:8084?status=UP&lastDirtyTimestamp=1760888940362
2025-10-19T17:04:00.618+01:00 DEBUG 19620 --- [catalogue-service] [beatExecutor-%d] o.s.web.client.RestTemplate              : Accept=[application/json, application/*+json]
2025-10-19T17:04:00.623+01:00 DEBUG 19620 --- [catalogue-service] [beatExecutor-%d] o.s.web.client.RestTemplate              : Response 200 OK
2025-10-19T17:04:00.662+01:00 DEBUG 19620 --- [catalogue-service] [reshExecutor-%d] o.s.web.client.RestTemplate              : HTTP GET http://localhost:8761/eureka/apps/delta
2025-10-19T17:04:00.663+01:00 DEBUG 19620 --- [catalogue-service] [reshExecutor-%d] o.s.web.client.RestTemplate              : Accept=[application/json, application/*+json]
2025-10-19T17:04:00.667+01:00 DEBUG 19620 --- [catalogue-service] [reshExecutor-%d] o.s.web.client.RestTemplate              : Response 200 OK
2025-10-19T17:04:00.667+01:00 DEBUG 19620 --- [catalogue-service] [reshExecutor-%d] o.s.web.client.RestTemplate              : Reading to [org.springframework.cloud.netflix.eureka.http.EurekaApplications]
2025-10-19T17:04:30.625+01:00 DEBUG 19620 --- [catalogue-service] [beatExecutor-%d] o.s.web.client.RestTemplate              : HTTP PUT http://localhost:8761/eureka/apps/CATALOGUE-SERVICE/192.168.189.1:catalogue-service:8084?status=UP&lastDirtyTimestamp=1760888940362
2025-10-19T17:04:30.625+01:00 DEBUG 19620 --- [catalogue-service] [beatExecutor-%d] o.s.web.client.RestTemplate              : Accept=[application/json, application/*+json]
2025-10-19T17:04:30.630+01:00 DEBUG 19620 --- [catalogue-service] [beatExecutor-%d] o.s.web.client.RestTemplate              : Response 200 OK
2025-10-19T17:04:30.670+01:00 DEBUG 19620 --- [catalogue-service] [reshExecutor-%d] o.s.web.client.RestTemplate              : HTTP GET http://localhost:8761/eureka/apps/delta
2025-10-19T17:04:30.671+01:00 DEBUG 19620 --- [catalogue-service] [reshExecutor-%d] o.s.web.client.RestTemplate              : Accept=[application/json, application/*+json]
2025-10-19T17:04:30.675+01:00 DEBUG 19620 --- [catalogue-service] [reshExecutor-%d] o.s.web.client.RestTemplate              : Response 200 OK
2025-10-19T17:04:30.675+01:00 DEBUG 19620 --- [catalogue-service] [reshExecutor-%d] o.s.web.client.RestTemplate              : Reading to [org.springframework.cloud.netflix.eureka.http.EurekaApplications]
2025-10-19T17:05:00.632+01:00 DEBUG 19620 --- [catalogue-service] [beatExecutor-%d] o.s.web.client.RestTemplate              : HTTP PUT http://localhost:8761/eureka/apps/CATALOGUE-SERVICE/192.168.189.1:catalogue-service:8084?status=UP&lastDirtyTimestamp=1760888940362
2025-10-19T17:05:00.633+01:00 DEBUG 19620 --- [catalogue-service] [beatExecutor-%d] o.s.web.client.RestTemplate              : Accept=[application/json, application/*+json]
2025-10-19T17:05:00.636+01:00 DEBUG 19620 --- [catalogue-service] [beatExecutor-%d] o.s.web.client.RestTemplate              : Response 200 OK
2025-10-19T17:05:00.677+01:00 DEBUG 19620 --- [catalogue-service] [reshExecutor-%d] o.s.web.client.RestTemplate              : HTTP GET http://localhost:8761/eureka/apps/delta
2025-10-19T17:05:00.678+01:00 DEBUG 19620 --- [catalogue-service] [reshExecutor-%d] o.s.web.client.RestTemplate              : Accept=[application/json, application/*+json]
2025-10-19T17:05:00.681+01:00 DEBUG 19620 --- [catalogue-service] [reshExecutor-%d] o.s.web.client.RestTemplate              : Response 200 OK
2025-10-19T17:05:00.682+01:00 DEBUG 19620 --- [catalogue-service] [reshExecutor-%d] o.s.web.client.RestTemplate              : Reading to [org.springframework.cloud.netflix.eureka.http.EurekaApplications]
2025-10-19T17:05:30.638+01:00 DEBUG 19620 --- [catalogue-service] [beatExecutor-%d] o.s.web.client.RestTemplate              : HTTP PUT http://localhost:8761/eureka/apps/CATALOGUE-SERVICE/192.168.189.1:catalogue-service:8084?status=UP&lastDirtyTimestamp=1760888940362
2025-10-19T17:05:30.639+01:00 DEBUG 19620 --- [catalogue-service] [beatExecutor-%d] o.s.web.client.RestTemplate              : Accept=[application/json, application/*+json]
2025-10-19T17:05:30.644+01:00 DEBUG 19620 --- [catalogue-service] [beatExecutor-%d] o.s.web.client.RestTemplate              : Response 200 OK
2025-10-19T17:05:30.683+01:00 DEBUG 19620 --- [catalogue-service] [reshExecutor-%d] o.s.web.client.RestTemplate              : HTTP GET http://localhost:8761/eureka/apps/delta
2025-10-19T17:05:30.684+01:00 DEBUG 19620 --- [catalogue-service] [reshExecutor-%d] o.s.web.client.RestTemplate              : Accept=[application/json, application/*+json]
2025-10-19T17:05:30.689+01:00 DEBUG 19620 --- [catalogue-service] [reshExecutor-%d] o.s.web.client.RestTemplate              : Response 200 OK
2025-10-19T17:05:30.689+01:00 DEBUG 19620 --- [catalogue-service] [reshExecutor-%d] o.s.web.client.RestTemplate              : Reading to [org.springframework.cloud.netflix.eureka.http.EurekaApplications]
2025-10-19T17:06:00.645+01:00 DEBUG 19620 --- [catalogue-service] [beatExecutor-%d] o.s.web.client.RestTemplate              : HTTP PUT http://localhost:8761/eureka/apps/CATALOGUE-SERVICE/192.168.189.1:catalogue-service:8084?status=UP&lastDirtyTimestamp=1760888940362
2025-10-19T17:06:00.646+01:00 DEBUG 19620 --- [catalogue-service] [beatExecutor-%d] o.s.web.client.RestTemplate              : Accept=[application/json, application/*+json]
2025-10-19T17:06:00.649+01:00 DEBUG 19620 --- [catalogue-service] [beatExecutor-%d] o.s.web.client.RestTemplate              : Response 200 OK
2025-10-19T17:06:00.691+01:00 DEBUG 19620 --- [catalogue-service] [reshExecutor-%d] o.s.web.client.RestTemplate              : HTTP GET http://localhost:8761/eureka/apps/delta
2025-10-19T17:06:00.692+01:00 DEBUG 19620 --- [catalogue-service] [reshExecutor-%d] o.s.web.client.RestTemplate              : Accept=[application/json, application/*+json]
2025-10-19T17:06:00.697+01:00 DEBUG 19620 --- [catalogue-service] [reshExecutor-%d] o.s.web.client.RestTemplate              : Response 200 OK
2025-10-19T17:06:00.697+01:00 DEBUG 19620 --- [catalogue-service] [reshExecutor-%d] o.s.web.client.RestTemplate              : Reading to [org.springframework.cloud.netflix.eureka.http.EurekaApplications]
2025-10-19T17:06:30.651+01:00 DEBUG 19620 --- [catalogue-service] [beatExecutor-%d] o.s.web.client.RestTemplate              : HTTP PUT http://localhost:8761/eureka/apps/CATALOGUE-SERVICE/192.168.189.1:catalogue-service:8084?status=UP&lastDirtyTimestamp=1760888940362
2025-10-19T17:06:30.651+01:00 DEBUG 19620 --- [catalogue-service] [beatExecutor-%d] o.s.web.client.RestTemplate              : Accept=[application/json, application/*+json]
2025-10-19T17:06:30.656+01:00 DEBUG 19620 --- [catalogue-service] [beatExecutor-%d] o.s.web.client.RestTemplate              : Response 200 OK
2025-10-19T17:06:30.699+01:00 DEBUG 19620 --- [catalogue-service] [reshExecutor-%d] o.s.web.client.RestTemplate              : HTTP GET http://localhost:8761/eureka/apps/delta
2025-10-19T17:06:30.700+01:00 DEBUG 19620 --- [catalogue-service] [reshExecutor-%d] o.s.web.client.RestTemplate              : Accept=[application/json, application/*+json]
2025-10-19T17:06:30.704+01:00 DEBUG 19620 --- [catalogue-service] [reshExecutor-%d] o.s.web.client.RestTemplate              : Response 200 OK
2025-10-19T17:06:30.705+01:00 DEBUG 19620 --- [catalogue-service] [reshExecutor-%d] o.s.web.client.RestTemplate              : Reading to [org.springframework.cloud.netflix.eureka.http.EurekaApplications]
2025-10-19T17:07:00.664+01:00 DEBUG 19620 --- [catalogue-service] [beatExecutor-%d] o.s.web.client.RestTemplate              : HTTP PUT http://localhost:8761/eureka/apps/CATALOGUE-SERVICE/192.168.189.1:catalogue-service:8084?status=UP&lastDirtyTimestamp=1760888940362
2025-10-19T17:07:00.676+01:00 DEBUG 19620 --- [catalogue-service] [beatExecutor-%d] o.s.web.client.RestTemplate              : Accept=[application/json, application/*+json]
2025-10-19T17:07:00.680+01:00 DEBUG 19620 --- [catalogue-service] [beatExecutor-%d] o.s.web.client.RestTemplate              : Response 200 OK
2025-10-19T17:07:00.707+01:00 DEBUG 19620 --- [catalogue-service] [reshExecutor-%d] o.s.web.client.RestTemplate              : HTTP GET http://localhost:8761/eureka/apps/delta
2025-10-19T17:07:00.708+01:00 DEBUG 19620 --- [catalogue-service] [reshExecutor-%d] o.s.web.client.RestTemplate              : Accept=[application/json, application/*+json]
2025-10-19T17:07:00.713+01:00 DEBUG 19620 --- [catalogue-service] [reshExecutor-%d] o.s.web.client.RestTemplate              : Response 200 OK
2025-10-19T17:07:00.713+01:00 DEBUG 19620 --- [catalogue-service] [reshExecutor-%d] o.s.web.client.RestTemplate              : Reading to [org.springframework.cloud.netflix.eureka.http.EurekaApplications]
2025-10-19T17:07:30.682+01:00 DEBUG 19620 --- [catalogue-service] [beatExecutor-%d] o.s.web.client.RestTemplate              : HTTP PUT http://localhost:8761/eureka/apps/CATALOGUE-SERVICE/192.168.189.1:catalogue-service:8084?status=UP&lastDirtyTimestamp=1760888940362
2025-10-19T17:07:30.683+01:00 DEBUG 19620 --- [catalogue-service] [beatExecutor-%d] o.s.web.client.RestTemplate              : Accept=[application/json, application/*+json]
2025-10-19T17:07:30.688+01:00 DEBUG 19620 --- [catalogue-service] [beatExecutor-%d] o.s.web.client.RestTemplate              : Response 200 OK
2025-10-19T17:07:30.715+01:00 DEBUG 19620 --- [catalogue-service] [reshExecutor-%d] o.s.web.client.RestTemplate              : HTTP GET http://localhost:8761/eureka/apps/delta
2025-10-19T17:07:30.716+01:00 DEBUG 19620 --- [catalogue-service] [reshExecutor-%d] o.s.web.client.RestTemplate              : Accept=[application/json, application/*+json]
2025-10-19T17:07:30.721+01:00 DEBUG 19620 --- [catalogue-service] [reshExecutor-%d] o.s.web.client.RestTemplate              : Response 200 OK
2025-10-19T17:07:30.721+01:00 DEBUG 19620 --- [catalogue-service] [reshExecutor-%d] o.s.web.client.RestTemplate              : Reading to [org.springframework.cloud.netflix.eureka.http.EurekaApplications]
2025-10-19T17:08:00.689+01:00 DEBUG 19620 --- [catalogue-service] [beatExecutor-%d] o.s.web.client.RestTemplate              : HTTP PUT http://localhost:8761/eureka/apps/CATALOGUE-SERVICE/192.168.189.1:catalogue-service:8084?status=UP&lastDirtyTimestamp=1760888940362
2025-10-19T17:08:00.690+01:00 DEBUG 19620 --- [catalogue-service] [beatExecutor-%d] o.s.web.client.RestTemplate              : Accept=[application/json, application/*+json]
2025-10-19T17:08:00.694+01:00 DEBUG 19620 --- [catalogue-service] [beatExecutor-%d] o.s.web.client.RestTemplate              : Response 200 OK
2025-10-19T17:08:00.724+01:00 DEBUG 19620 --- [catalogue-service] [reshExecutor-%d] o.s.web.client.RestTemplate              : HTTP GET http://localhost:8761/eureka/apps/delta
2025-10-19T17:08:00.724+01:00 DEBUG 19620 --- [catalogue-service] [reshExecutor-%d] o.s.web.client.RestTemplate              : Accept=[application/json, application/*+json]
2025-10-19T17:08:00.729+01:00 DEBUG 19620 --- [catalogue-service] [reshExecutor-%d] o.s.web.client.RestTemplate              : Response 200 OK
2025-10-19T17:08:00.729+01:00 DEBUG 19620 --- [catalogue-service] [reshExecutor-%d] o.s.web.client.RestTemplate              : Reading to [org.springframework.cloud.netflix.eureka.http.EurekaApplications]
2025-10-19T17:08:30.695+01:00 DEBUG 19620 --- [catalogue-service] [beatExecutor-%d] o.s.web.client.RestTemplate              : HTTP PUT http://localhost:8761/eureka/apps/CATALOGUE-SERVICE/192.168.189.1:catalogue-service:8084?status=UP&lastDirtyTimestamp=1760888940362
2025-10-19T17:08:30.696+01:00 DEBUG 19620 --- [catalogue-service] [beatExecutor-%d] o.s.web.client.RestTemplate              : Accept=[application/json, application/*+json]
2025-10-19T17:08:30.701+01:00 DEBUG 19620 --- [catalogue-service] [beatExecutor-%d] o.s.web.client.RestTemplate              : Response 200 OK
2025-10-19T17:08:30.731+01:00 DEBUG 19620 --- [catalogue-service] [reshExecutor-%d] o.s.web.client.RestTemplate              : HTTP GET http://localhost:8761/eureka/apps/delta
2025-10-19T17:08:30.732+01:00 DEBUG 19620 --- [catalogue-service] [reshExecutor-%d] o.s.web.client.RestTemplate              : Accept=[application/json, application/*+json]
2025-10-19T17:08:30.736+01:00 DEBUG 19620 --- [catalogue-service] [reshExecutor-%d] o.s.web.client.RestTemplate              : Response 200 OK
2025-10-19T17:08:30.736+01:00 DEBUG 19620 --- [catalogue-service] [reshExecutor-%d] o.s.web.client.RestTemplate              : Reading to [org.springframework.cloud.netflix.eureka.http.EurekaApplications]
2025-10-19T17:08:57.282+01:00  INFO 19620 --- [catalogue-service] [rap-executor-%d] c.n.d.s.r.aws.ConfigClusterResolver      : Resolving eureka endpoints via configuration
2025-10-19T17:09:00.702+01:00 DEBUG 19620 --- [catalogue-service] [beatExecutor-%d] o.s.web.client.RestTemplate              : HTTP PUT http://localhost:8761/eureka/apps/CATALOGUE-SERVICE/192.168.189.1:catalogue-service:8084?status=UP&lastDirtyTimestamp=1760888940362
2025-10-19T17:09:00.703+01:00 DEBUG 19620 --- [catalogue-service] [beatExecutor-%d] o.s.web.client.RestTemplate              : Accept=[application/json, application/*+json]
2025-10-19T17:09:00.708+01:00 DEBUG 19620 --- [catalogue-service] [beatExecutor-%d] o.s.web.client.RestTemplate              : Response 200 OK
2025-10-19T17:09:00.740+01:00 DEBUG 19620 --- [catalogue-service] [reshExecutor-%d] o.s.web.client.RestTemplate              : HTTP GET http://localhost:8761/eureka/apps/delta
2025-10-19T17:09:00.740+01:00 DEBUG 19620 --- [catalogue-service] [reshExecutor-%d] o.s.web.client.RestTemplate              : Accept=[application/json, application/*+json]
2025-10-19T17:09:00.746+01:00 DEBUG 19620 --- [catalogue-service] [reshExecutor-%d] o.s.web.client.RestTemplate              : Response 200 OK
2025-10-19T17:09:00.747+01:00 DEBUG 19620 --- [catalogue-service] [reshExecutor-%d] o.s.web.client.RestTemplate              : Reading to [org.springframework.cloud.netflix.eureka.http.EurekaApplications]
2025-10-19T17:09:30.711+01:00 DEBUG 19620 --- [catalogue-service] [beatExecutor-%d] o.s.web.client.RestTemplate              : HTTP PUT http://localhost:8761/eureka/apps/CATALOGUE-SERVICE/192.168.189.1:catalogue-service:8084?status=UP&lastDirtyTimestamp=1760888940362
2025-10-19T17:09:30.716+01:00 DEBUG 19620 --- [catalogue-service] [beatExecutor-%d] o.s.web.client.RestTemplate              : Accept=[application/json, application/*+json]
2025-10-19T17:09:30.721+01:00 DEBUG 19620 --- [catalogue-service] [beatExecutor-%d] o.s.web.client.RestTemplate              : Response 200 OK
2025-10-19T17:09:30.752+01:00 DEBUG 19620 --- [catalogue-service] [reshExecutor-%d] o.s.web.client.RestTemplate              : HTTP GET http://localhost:8761/eureka/apps/delta
2025-10-19T17:09:30.753+01:00 DEBUG 19620 --- [catalogue-service] [reshExecutor-%d] o.s.web.client.RestTemplate              : Accept=[application/json, application/*+json]
2025-10-19T17:09:30.757+01:00 DEBUG 19620 --- [catalogue-service] [reshExecutor-%d] o.s.web.client.RestTemplate              : Response 200 OK
2025-10-19T17:09:30.758+01:00 DEBUG 19620 --- [catalogue-service] [reshExecutor-%d] o.s.web.client.RestTemplate              : Reading to [org.springframework.cloud.netflix.eureka.http.EurekaApplications]
2025-10-19T17:10:00.723+01:00 DEBUG 19620 --- [catalogue-service] [beatExecutor-%d] o.s.web.client.RestTemplate              : HTTP PUT http://localhost:8761/eureka/apps/CATALOGUE-SERVICE/192.168.189.1:catalogue-service:8084?status=UP&lastDirtyTimestamp=1760888940362
2025-10-19T17:10:00.723+01:00 DEBUG 19620 --- [catalogue-service] [beatExecutor-%d] o.s.web.client.RestTemplate              : Accept=[application/json, application/*+json]
2025-10-19T17:10:00.728+01:00 DEBUG 19620 --- [catalogue-service] [beatExecutor-%d] o.s.web.client.RestTemplate              : Response 200 OK
2025-10-19T17:10:00.760+01:00 DEBUG 19620 --- [catalogue-service] [reshExecutor-%d] o.s.web.client.RestTemplate              : HTTP GET http://localhost:8761/eureka/apps/delta
2025-10-19T17:10:00.761+01:00 DEBUG 19620 --- [catalogue-service] [reshExecutor-%d] o.s.web.client.RestTemplate              : Accept=[application/json, application/*+json]
2025-10-19T17:10:00.766+01:00 DEBUG 19620 --- [catalogue-service] [reshExecutor-%d] o.s.web.client.RestTemplate              : Response 200 OK
2025-10-19T17:10:00.766+01:00 DEBUG 19620 --- [catalogue-service] [reshExecutor-%d] o.s.web.client.RestTemplate              : Reading to [org.springframework.cloud.netflix.eureka.http.EurekaApplications]
2025-10-19T17:10:30.729+01:00 DEBUG 19620 --- [catalogue-service] [beatExecutor-%d] o.s.web.client.RestTemplate              : HTTP PUT http://localhost:8761/eureka/apps/CATALOGUE-SERVICE/192.168.189.1:catalogue-service:8084?status=UP&lastDirtyTimestamp=1760888940362
2025-10-19T17:10:30.730+01:00 DEBUG 19620 --- [catalogue-service] [beatExecutor-%d] o.s.web.client.RestTemplate              : Accept=[application/json, application/*+json]
2025-10-19T17:10:30.735+01:00 DEBUG 19620 --- [catalogue-service] [beatExecutor-%d] o.s.web.client.RestTemplate              : Response 200 OK
2025-10-19T17:10:30.768+01:00 DEBUG 19620 --- [catalogue-service] [reshExecutor-%d] o.s.web.client.RestTemplate              : HTTP GET http://localhost:8761/eureka/apps/delta
2025-10-19T17:10:30.769+01:00 DEBUG 19620 --- [catalogue-service] [reshExecutor-%d] o.s.web.client.RestTemplate              : Accept=[application/json, application/*+json]
2025-10-19T17:10:30.773+01:00 DEBUG 19620 --- [catalogue-service] [reshExecutor-%d] o.s.web.client.RestTemplate              : Response 200 OK
2025-10-19T17:10:30.774+01:00 DEBUG 19620 --- [catalogue-service] [reshExecutor-%d] o.s.web.client.RestTemplate              : Reading to [org.springframework.cloud.netflix.eureka.http.EurekaApplications]
2025-10-19T17:11:00.736+01:00 DEBUG 19620 --- [catalogue-service] [beatExecutor-%d] o.s.web.client.RestTemplate              : HTTP PUT http://localhost:8761/eureka/apps/CATALOGUE-SERVICE/192.168.189.1:catalogue-service:8084?status=UP&lastDirtyTimestamp=1760888940362
2025-10-19T17:11:00.737+01:00 DEBUG 19620 --- [catalogue-service] [beatExecutor-%d] o.s.web.client.RestTemplate              : Accept=[application/json, application/*+json]
2025-10-19T17:11:00.741+01:00 DEBUG 19620 --- [catalogue-service] [beatExecutor-%d] o.s.web.client.RestTemplate              : Response 200 OK
2025-10-19T17:11:00.777+01:00 DEBUG 19620 --- [catalogue-service] [reshExecutor-%d] o.s.web.client.RestTemplate              : HTTP GET http://localhost:8761/eureka/apps/delta
2025-10-19T17:11:00.777+01:00 DEBUG 19620 --- [catalogue-service] [reshExecutor-%d] o.s.web.client.RestTemplate              : Accept=[application/json, application/*+json]
2025-10-19T17:11:00.781+01:00 DEBUG 19620 --- [catalogue-service] [reshExecutor-%d] o.s.web.client.RestTemplate              : Response 200 OK
2025-10-19T17:11:00.782+01:00 DEBUG 19620 --- [catalogue-service] [reshExecutor-%d] o.s.web.client.RestTemplate              : Reading to [org.springframework.cloud.netflix.eureka.http.EurekaApplications]
2025-10-19T17:11:30.743+01:00 DEBUG 19620 --- [catalogue-service] [beatExecutor-%d] o.s.web.client.RestTemplate              : HTTP PUT http://localhost:8761/eureka/apps/CATALOGUE-SERVICE/192.168.189.1:catalogue-service:8084?status=UP&lastDirtyTimestamp=1760888940362
2025-10-19T17:11:30.744+01:00 DEBUG 19620 --- [catalogue-service] [beatExecutor-%d] o.s.web.client.RestTemplate              : Accept=[application/json, application/*+json]
2025-10-19T17:11:30.748+01:00 DEBUG 19620 --- [catalogue-service] [beatExecutor-%d] o.s.web.client.RestTemplate              : Response 200 OK
2025-10-19T17:11:30.784+01:00 DEBUG 19620 --- [catalogue-service] [reshExecutor-%d] o.s.web.client.RestTemplate              : HTTP GET http://localhost:8761/eureka/apps/delta
2025-10-19T17:11:30.785+01:00 DEBUG 19620 --- [catalogue-service] [reshExecutor-%d] o.s.web.client.RestTemplate              : Accept=[application/json, application/*+json]
2025-10-19T17:11:30.789+01:00 DEBUG 19620 --- [catalogue-service] [reshExecutor-%d] o.s.web.client.RestTemplate              : Response 200 OK
2025-10-19T17:11:30.789+01:00 DEBUG 19620 --- [catalogue-service] [reshExecutor-%d] o.s.web.client.RestTemplate              : Reading to [org.springframework.cloud.netflix.eureka.http.EurekaApplications]
2025-10-19T17:12:00.750+01:00 DEBUG 19620 --- [catalogue-service] [beatExecutor-%d] o.s.web.client.RestTemplate              : HTTP PUT http://localhost:8761/eureka/apps/CATALOGUE-SERVICE/192.168.189.1:catalogue-service:8084?status=UP&lastDirtyTimestamp=1760888940362
2025-10-19T17:12:00.751+01:00 DEBUG 19620 --- [catalogue-service] [beatExecutor-%d] o.s.web.client.RestTemplate              : Accept=[application/json, application/*+json]
2025-10-19T17:12:00.755+01:00 DEBUG 19620 --- [catalogue-service] [beatExecutor-%d] o.s.web.client.RestTemplate              : Response 200 OK
2025-10-19T17:12:00.791+01:00 DEBUG 19620 --- [catalogue-service] [reshExecutor-%d] o.s.web.client.RestTemplate              : HTTP GET http://localhost:8761/eureka/apps/delta
2025-10-19T17:12:00.792+01:00 DEBUG 19620 --- [catalogue-service] [reshExecutor-%d] o.s.web.client.RestTemplate              : Accept=[application/json, application/*+json]
2025-10-19T17:12:00.796+01:00 DEBUG 19620 --- [catalogue-service] [reshExecutor-%d] o.s.web.client.RestTemplate              : Response 200 OK
2025-10-19T17:12:00.797+01:00 DEBUG 19620 --- [catalogue-service] [reshExecutor-%d] o.s.web.client.RestTemplate              : Reading to [org.springframework.cloud.netflix.eureka.http.EurekaApplications]
2025-10-19T17:12:30.756+01:00 DEBUG 19620 --- [catalogue-service] [beatExecutor-%d] o.s.web.client.RestTemplate              : HTTP PUT http://localhost:8761/eureka/apps/CATALOGUE-SERVICE/192.168.189.1:catalogue-service:8084?status=UP&lastDirtyTimestamp=1760888940362
2025-10-19T17:12:30.757+01:00 DEBUG 19620 --- [catalogue-service] [beatExecutor-%d] o.s.web.client.RestTemplate              : Accept=[application/json, application/*+json]
2025-10-19T17:12:30.762+01:00 DEBUG 19620 --- [catalogue-service] [beatExecutor-%d] o.s.web.client.RestTemplate              : Response 200 OK
2025-10-19T17:12:30.799+01:00 DEBUG 19620 --- [catalogue-service] [reshExecutor-%d] o.s.web.client.RestTemplate              : HTTP GET http://localhost:8761/eureka/apps/delta
2025-10-19T17:12:30.799+01:00 DEBUG 19620 --- [catalogue-service] [reshExecutor-%d] o.s.web.client.RestTemplate              : Accept=[application/json, application/*+json]
2025-10-19T17:12:30.803+01:00 DEBUG 19620 --- [catalogue-service] [reshExecutor-%d] o.s.web.client.RestTemplate              : Response 200 OK
2025-10-19T17:12:30.804+01:00 DEBUG 19620 --- [catalogue-service] [reshExecutor-%d] o.s.web.client.RestTemplate              : Reading to [org.springframework.cloud.netflix.eureka.http.EurekaApplications]
2025-10-19T17:13:00.763+01:00 DEBUG 19620 --- [catalogue-service] [beatExecutor-%d] o.s.web.client.RestTemplate              : HTTP PUT http://localhost:8761/eureka/apps/CATALOGUE-SERVICE/192.168.189.1:catalogue-service:8084?status=UP&lastDirtyTimestamp=1760888940362
2025-10-19T17:13:00.764+01:00 DEBUG 19620 --- [catalogue-service] [beatExecutor-%d] o.s.web.client.RestTemplate              : Accept=[application/json, application/*+json]
2025-10-19T17:13:00.768+01:00 DEBUG 19620 --- [catalogue-service] [beatExecutor-%d] o.s.web.client.RestTemplate              : Response 200 OK
2025-10-19T17:13:00.806+01:00 DEBUG 19620 --- [catalogue-service] [reshExecutor-%d] o.s.web.client.RestTemplate              : HTTP GET http://localhost:8761/eureka/apps/delta
2025-10-19T17:13:00.807+01:00 DEBUG 19620 --- [catalogue-service] [reshExecutor-%d] o.s.web.client.RestTemplate              : Accept=[application/json, application/*+json]
2025-10-19T17:13:00.811+01:00 DEBUG 19620 --- [catalogue-service] [reshExecutor-%d] o.s.web.client.RestTemplate              : Response 200 OK
2025-10-19T17:13:00.811+01:00 DEBUG 19620 --- [catalogue-service] [reshExecutor-%d] o.s.web.client.RestTemplate              : Reading to [org.springframework.cloud.netflix.eureka.http.EurekaApplications]
2025-10-19T17:13:30.770+01:00 DEBUG 19620 --- [catalogue-service] [beatExecutor-%d] o.s.web.client.RestTemplate              : HTTP PUT http://localhost:8761/eureka/apps/CATALOGUE-SERVICE/192.168.189.1:catalogue-service:8084?status=UP&lastDirtyTimestamp=1760888940362
2025-10-19T17:13:30.770+01:00 DEBUG 19620 --- [catalogue-service] [beatExecutor-%d] o.s.web.client.RestTemplate              : Accept=[application/json, application/*+json]
2025-10-19T17:13:30.775+01:00 DEBUG 19620 --- [catalogue-service] [beatExecutor-%d] o.s.web.client.RestTemplate              : Response 200 OK
2025-10-19T17:13:30.814+01:00 DEBUG 19620 --- [catalogue-service] [reshExecutor-%d] o.s.web.client.RestTemplate              : HTTP GET http://localhost:8761/eureka/apps/delta
2025-10-19T17:13:30.815+01:00 DEBUG 19620 --- [catalogue-service] [reshExecutor-%d] o.s.web.client.RestTemplate              : Accept=[application/json, application/*+json]
2025-10-19T17:13:30.819+01:00 DEBUG 19620 --- [catalogue-service] [reshExecutor-%d] o.s.web.client.RestTemplate              : Response 200 OK
2025-10-19T17:13:30.819+01:00 DEBUG 19620 --- [catalogue-service] [reshExecutor-%d] o.s.web.client.RestTemplate              : Reading to [org.springframework.cloud.netflix.eureka.http.EurekaApplications]
2025-10-19T17:13:57.282+01:00  INFO 19620 --- [catalogue-service] [rap-executor-%d] c.n.d.s.r.aws.ConfigClusterResolver      : Resolving eureka endpoints via configuration
2025-10-19T17:14:00.776+01:00 DEBUG 19620 --- [catalogue-service] [beatExecutor-%d] o.s.web.client.RestTemplate              : HTTP PUT http://localhost:8761/eureka/apps/CATALOGUE-SERVICE/192.168.189.1:catalogue-service:8084?status=UP&lastDirtyTimestamp=1760888940362
2025-10-19T17:14:00.777+01:00 DEBUG 19620 --- [catalogue-service] [beatExecutor-%d] o.s.web.client.RestTemplate              : Accept=[application/json, application/*+json]
2025-10-19T17:14:00.781+01:00 DEBUG 19620 --- [catalogue-service] [beatExecutor-%d] o.s.web.client.RestTemplate              : Response 200 OK
2025-10-19T17:14:00.822+01:00 DEBUG 19620 --- [catalogue-service] [reshExecutor-%d] o.s.web.client.RestTemplate              : HTTP GET http://localhost:8761/eureka/apps/delta
2025-10-19T17:14:00.822+01:00 DEBUG 19620 --- [catalogue-service] [reshExecutor-%d] o.s.web.client.RestTemplate              : Accept=[application/json, application/*+json]
2025-10-19T17:14:00.827+01:00 DEBUG 19620 --- [catalogue-service] [reshExecutor-%d] o.s.web.client.RestTemplate              : Response 200 OK
2025-10-19T17:14:00.827+01:00 DEBUG 19620 --- [catalogue-service] [reshExecutor-%d] o.s.web.client.RestTemplate              : Reading to [org.springframework.cloud.netflix.eureka.http.EurekaApplications]
2025-10-19T17:14:30.783+01:00 DEBUG 19620 --- [catalogue-service] [beatExecutor-%d] o.s.web.client.RestTemplate              : HTTP PUT http://localhost:8761/eureka/apps/CATALOGUE-SERVICE/192.168.189.1:catalogue-service:8084?status=UP&lastDirtyTimestamp=1760888940362
2025-10-19T17:14:30.783+01:00 DEBUG 19620 --- [catalogue-service] [beatExecutor-%d] o.s.web.client.RestTemplate              : Accept=[application/json, application/*+json]
2025-10-19T17:14:30.788+01:00 DEBUG 19620 --- [catalogue-service] [beatExecutor-%d] o.s.web.client.RestTemplate              : Response 200 OK
2025-10-19T17:14:30.829+01:00 DEBUG 19620 --- [catalogue-service] [reshExecutor-%d] o.s.web.client.RestTemplate              : HTTP GET http://localhost:8761/eureka/apps/delta
2025-10-19T17:14:30.830+01:00 DEBUG 19620 --- [catalogue-service] [reshExecutor-%d] o.s.web.client.RestTemplate              : Accept=[application/json, application/*+json]
2025-10-19T17:14:30.834+01:00 DEBUG 19620 --- [catalogue-service] [reshExecutor-%d] o.s.web.client.RestTemplate              : Response 200 OK
2025-10-19T17:14:30.834+01:00 DEBUG 19620 --- [catalogue-service] [reshExecutor-%d] o.s.web.client.RestTemplate              : Reading to [org.springframework.cloud.netflix.eureka.http.EurekaApplications]
2025-10-19T17:15:00.790+01:00 DEBUG 19620 --- [catalogue-service] [beatExecutor-%d] o.s.web.client.RestTemplate              : HTTP PUT http://localhost:8761/eureka/apps/CATALOGUE-SERVICE/192.168.189.1:catalogue-service:8084?status=UP&lastDirtyTimestamp=1760888940362
2025-10-19T17:15:00.791+01:00 DEBUG 19620 --- [catalogue-service] [beatExecutor-%d] o.s.web.client.RestTemplate              : Accept=[application/json, application/*+json]
2025-10-19T17:15:00.795+01:00 DEBUG 19620 --- [catalogue-service] [beatExecutor-%d] o.s.web.client.RestTemplate              : Response 200 OK
2025-10-19T17:15:00.836+01:00 DEBUG 19620 --- [catalogue-service] [reshExecutor-%d] o.s.web.client.RestTemplate              : HTTP GET http://localhost:8761/eureka/apps/delta
2025-10-19T17:15:00.837+01:00 DEBUG 19620 --- [catalogue-service] [reshExecutor-%d] o.s.web.client.RestTemplate              : Accept=[application/json, application/*+json]
2025-10-19T17:15:00.842+01:00 DEBUG 19620 --- [catalogue-service] [reshExecutor-%d] o.s.web.client.RestTemplate              : Response 200 OK
2025-10-19T17:15:00.842+01:00 DEBUG 19620 --- [catalogue-service] [reshExecutor-%d] o.s.web.client.RestTemplate              : Reading to [org.springframework.cloud.netflix.eureka.http.EurekaApplications]
2025-10-19T17:15:30.797+01:00 DEBUG 19620 --- [catalogue-service] [beatExecutor-%d] o.s.web.client.RestTemplate              : HTTP PUT http://localhost:8761/eureka/apps/CATALOGUE-SERVICE/192.168.189.1:catalogue-service:8084?status=UP&lastDirtyTimestamp=1760888940362
2025-10-19T17:15:30.798+01:00 DEBUG 19620 --- [catalogue-service] [beatExecutor-%d] o.s.web.client.RestTemplate              : Accept=[application/json, application/*+json]
2025-10-19T17:15:30.802+01:00 DEBUG 19620 --- [catalogue-service] [beatExecutor-%d] o.s.web.client.RestTemplate              : Response 200 OK
2025-10-19T17:15:30.844+01:00 DEBUG 19620 --- [catalogue-service] [reshExecutor-%d] o.s.web.client.RestTemplate              : HTTP GET http://localhost:8761/eureka/apps/delta
2025-10-19T17:15:30.845+01:00 DEBUG 19620 --- [catalogue-service] [reshExecutor-%d] o.s.web.client.RestTemplate              : Accept=[application/json, application/*+json]
2025-10-19T17:15:30.849+01:00 DEBUG 19620 --- [catalogue-service] [reshExecutor-%d] o.s.web.client.RestTemplate              : Response 200 OK
2025-10-19T17:15:30.849+01:00 DEBUG 19620 --- [catalogue-service] [reshExecutor-%d] o.s.web.client.RestTemplate              : Reading to [org.springframework.cloud.netflix.eureka.http.EurekaApplications]
2025-10-19T17:16:00.803+01:00 DEBUG 19620 --- [catalogue-service] [beatExecutor-%d] o.s.web.client.RestTemplate              : HTTP PUT http://localhost:8761/eureka/apps/CATALOGUE-SERVICE/192.168.189.1:catalogue-service:8084?status=UP&lastDirtyTimestamp=1760888940362
2025-10-19T17:16:00.804+01:00 DEBUG 19620 --- [catalogue-service] [beatExecutor-%d] o.s.web.client.RestTemplate              : Accept=[application/json, application/*+json]
2025-10-19T17:16:00.808+01:00 DEBUG 19620 --- [catalogue-service] [beatExecutor-%d] o.s.web.client.RestTemplate              : Response 200 OK
2025-10-19T17:16:00.851+01:00 DEBUG 19620 --- [catalogue-service] [reshExecutor-%d] o.s.web.client.RestTemplate              : HTTP GET http://localhost:8761/eureka/apps/delta
2025-10-19T17:16:00.852+01:00 DEBUG 19620 --- [catalogue-service] [reshExecutor-%d] o.s.web.client.RestTemplate              : Accept=[application/json, application/*+json]
2025-10-19T17:16:00.855+01:00 DEBUG 19620 --- [catalogue-service] [reshExecutor-%d] o.s.web.client.RestTemplate              : Response 200 OK
2025-10-19T17:16:00.856+01:00 DEBUG 19620 --- [catalogue-service] [reshExecutor-%d] o.s.web.client.RestTemplate              : Reading to [org.springframework.cloud.netflix.eureka.http.EurekaApplications]
2025-10-19T17:16:30.810+01:00 DEBUG 19620 --- [catalogue-service] [beatExecutor-%d] o.s.web.client.RestTemplate              : HTTP PUT http://localhost:8761/eureka/apps/CATALOGUE-SERVICE/192.168.189.1:catalogue-service:8084?status=UP&lastDirtyTimestamp=1760888940362
2025-10-19T17:16:30.810+01:00 DEBUG 19620 --- [catalogue-service] [beatExecutor-%d] o.s.web.client.RestTemplate              : Accept=[application/json, application/*+json]
2025-10-19T17:16:30.814+01:00 DEBUG 19620 --- [catalogue-service] [beatExecutor-%d] o.s.web.client.RestTemplate              : Response 200 OK
2025-10-19T17:16:30.866+01:00 DEBUG 19620 --- [catalogue-service] [reshExecutor-%d] o.s.web.client.RestTemplate              : HTTP GET http://localhost:8761/eureka/apps/delta
2025-10-19T17:16:30.886+01:00 DEBUG 19620 --- [catalogue-service] [reshExecutor-%d] o.s.web.client.RestTemplate              : Accept=[application/json, application/*+json]
2025-10-19T17:16:30.889+01:00 DEBUG 19620 --- [catalogue-service] [reshExecutor-%d] o.s.web.client.RestTemplate              : Response 200 OK
2025-10-19T17:16:30.889+01:00 DEBUG 19620 --- [catalogue-service] [reshExecutor-%d] o.s.web.client.RestTemplate              : Reading to [org.springframework.cloud.netflix.eureka.http.EurekaApplications]
2025-10-19T17:17:00.815+01:00 DEBUG 19620 --- [catalogue-service] [beatExecutor-%d] o.s.web.client.RestTemplate              : HTTP PUT http://localhost:8761/eureka/apps/CATALOGUE-SERVICE/192.168.189.1:catalogue-service:8084?status=UP&lastDirtyTimestamp=1760888940362
2025-10-19T17:17:00.816+01:00 DEBUG 19620 --- [catalogue-service] [beatExecutor-%d] o.s.web.client.RestTemplate              : Accept=[application/json, application/*+json]
2025-10-19T17:17:00.821+01:00 DEBUG 19620 --- [catalogue-service] [beatExecutor-%d] o.s.web.client.RestTemplate              : Response 200 OK
2025-10-19T17:17:00.892+01:00 DEBUG 19620 --- [catalogue-service] [reshExecutor-%d] o.s.web.client.RestTemplate              : HTTP GET http://localhost:8761/eureka/apps/delta
2025-10-19T17:17:00.892+01:00 DEBUG 19620 --- [catalogue-service] [reshExecutor-%d] o.s.web.client.RestTemplate              : Accept=[application/json, application/*+json]
2025-10-19T17:17:00.896+01:00 DEBUG 19620 --- [catalogue-service] [reshExecutor-%d] o.s.web.client.RestTemplate              : Response 200 OK
2025-10-19T17:17:00.896+01:00 DEBUG 19620 --- [catalogue-service] [reshExecutor-%d] o.s.web.client.RestTemplate              : Reading to [org.springframework.cloud.netflix.eureka.http.EurekaApplications]
2025-10-19T17:17:30.822+01:00 DEBUG 19620 --- [catalogue-service] [beatExecutor-%d] o.s.web.client.RestTemplate              : HTTP PUT http://localhost:8761/eureka/apps/CATALOGUE-SERVICE/192.168.189.1:catalogue-service:8084?status=UP&lastDirtyTimestamp=1760888940362
2025-10-19T17:17:30.823+01:00 DEBUG 19620 --- [catalogue-service] [beatExecutor-%d] o.s.web.client.RestTemplate              : Accept=[application/json, application/*+json]
2025-10-19T17:17:30.828+01:00 DEBUG 19620 --- [catalogue-service] [beatExecutor-%d] o.s.web.client.RestTemplate              : Response 200 OK
2025-10-19T17:17:30.898+01:00 DEBUG 19620 --- [catalogue-service] [reshExecutor-%d] o.s.web.client.RestTemplate              : HTTP GET http://localhost:8761/eureka/apps/delta
2025-10-19T17:17:30.899+01:00 DEBUG 19620 --- [catalogue-service] [reshExecutor-%d] o.s.web.client.RestTemplate              : Accept=[application/json, application/*+json]
2025-10-19T17:17:30.903+01:00 DEBUG 19620 --- [catalogue-service] [reshExecutor-%d] o.s.web.client.RestTemplate              : Response 200 OK
2025-10-19T17:17:30.903+01:00 DEBUG 19620 --- [catalogue-service] [reshExecutor-%d] o.s.web.client.RestTemplate              : Reading to [org.springframework.cloud.netflix.eureka.http.EurekaApplications]
2025-10-19T17:18:00.829+01:00 DEBUG 19620 --- [catalogue-service] [beatExecutor-%d] o.s.web.client.RestTemplate              : HTTP PUT http://localhost:8761/eureka/apps/CATALOGUE-SERVICE/192.168.189.1:catalogue-service:8084?status=UP&lastDirtyTimestamp=1760888940362
2025-10-19T17:18:00.830+01:00 DEBUG 19620 --- [catalogue-service] [beatExecutor-%d] o.s.web.client.RestTemplate              : Accept=[application/json, application/*+json]
2025-10-19T17:18:00.834+01:00 DEBUG 19620 --- [catalogue-service] [beatExecutor-%d] o.s.web.client.RestTemplate              : Response 200 OK
2025-10-19T17:18:00.905+01:00 DEBUG 19620 --- [catalogue-service] [reshExecutor-%d] o.s.web.client.RestTemplate              : HTTP GET http://localhost:8761/eureka/apps/delta
2025-10-19T17:18:00.905+01:00 DEBUG 19620 --- [catalogue-service] [reshExecutor-%d] o.s.web.client.RestTemplate              : Accept=[application/json, application/*+json]
2025-10-19T17:18:00.909+01:00 DEBUG 19620 --- [catalogue-service] [reshExecutor-%d] o.s.web.client.RestTemplate              : Response 200 OK
2025-10-19T17:18:00.910+01:00 DEBUG 19620 --- [catalogue-service] [reshExecutor-%d] o.s.web.client.RestTemplate              : Reading to [org.springframework.cloud.netflix.eureka.http.EurekaApplications]
2025-10-19T17:18:30.835+01:00 DEBUG 19620 --- [catalogue-service] [beatExecutor-%d] o.s.web.client.RestTemplate              : HTTP PUT http://localhost:8761/eureka/apps/CATALOGUE-SERVICE/192.168.189.1:catalogue-service:8084?status=UP&lastDirtyTimestamp=1760888940362
2025-10-19T17:18:30.835+01:00 DEBUG 19620 --- [catalogue-service] [beatExecutor-%d] o.s.web.client.RestTemplate              : Accept=[application/json, application/*+json]
2025-10-19T17:18:30.840+01:00 DEBUG 19620 --- [catalogue-service] [beatExecutor-%d] o.s.web.client.RestTemplate              : Response 200 OK
2025-10-19T17:18:30.912+01:00 DEBUG 19620 --- [catalogue-service] [reshExecutor-%d] o.s.web.client.RestTemplate              : HTTP GET http://localhost:8761/eureka/apps/delta
2025-10-19T17:18:30.912+01:00 DEBUG 19620 --- [catalogue-service] [reshExecutor-%d] o.s.web.client.RestTemplate              : Accept=[application/json, application/*+json]
2025-10-19T17:18:30.917+01:00 DEBUG 19620 --- [catalogue-service] [reshExecutor-%d] o.s.web.client.RestTemplate              : Response 200 OK
2025-10-19T17:18:30.917+01:00 DEBUG 19620 --- [catalogue-service] [reshExecutor-%d] o.s.web.client.RestTemplate              : Reading to [org.springframework.cloud.netflix.eureka.http.EurekaApplications]
2025-10-19T17:43:41.776+01:00  INFO 19620 --- [catalogue-service] [rap-executor-%d] c.n.d.s.r.aws.ConfigClusterResolver      : Resolving eureka endpoints via configuration
2025-10-19T17:43:45.340+01:00 DEBUG 19620 --- [catalogue-service] [beatExecutor-%d] o.s.web.client.RestTemplate              : HTTP PUT http://localhost:8761/eureka/apps/CATALOGUE-SERVICE/192.168.189.1:catalogue-service:8084?status=UP&lastDirtyTimestamp=1760888940362
2025-10-19T17:43:45.348+01:00 DEBUG 19620 --- [catalogue-service] [beatExecutor-%d] o.s.web.client.RestTemplate              : Accept=[application/json, application/*+json]
2025-10-19T17:43:45.352+01:00 DEBUG 19620 --- [catalogue-service] [beatExecutor-%d] o.s.web.client.RestTemplate              : Response 200 OK
2025-10-19T17:43:45.417+01:00 DEBUG 19620 --- [catalogue-service] [reshExecutor-%d] o.s.web.client.RestTemplate              : HTTP GET http://localhost:8761/eureka/apps/delta
2025-10-19T17:43:45.428+01:00 DEBUG 19620 --- [catalogue-service] [reshExecutor-%d] o.s.web.client.RestTemplate              : Accept=[application/json, application/*+json]
2025-10-19T17:43:45.431+01:00 DEBUG 19620 --- [catalogue-service] [reshExecutor-%d] o.s.web.client.RestTemplate              : Response 200 OK
2025-10-19T17:43:45.432+01:00 DEBUG 19620 --- [catalogue-service] [reshExecutor-%d] o.s.web.client.RestTemplate              : Reading to [org.springframework.cloud.netflix.eureka.http.EurekaApplications]
2025-10-19T17:44:15.353+01:00 DEBUG 19620 --- [catalogue-service] [beatExecutor-%d] o.s.web.client.RestTemplate              : HTTP PUT http://localhost:8761/eureka/apps/CATALOGUE-SERVICE/192.168.189.1:catalogue-service:8084?status=UP&lastDirtyTimestamp=1760888940362
2025-10-19T17:44:15.354+01:00 DEBUG 19620 --- [catalogue-service] [beatExecutor-%d] o.s.web.client.RestTemplate              : Accept=[application/json, application/*+json]
2025-10-19T17:44:15.358+01:00 DEBUG 19620 --- [catalogue-service] [beatExecutor-%d] o.s.web.client.RestTemplate              : Response 200 OK
2025-10-19T17:44:15.434+01:00 DEBUG 19620 --- [catalogue-service] [reshExecutor-%d] o.s.web.client.RestTemplate              : HTTP GET http://localhost:8761/eureka/apps/delta
2025-10-19T17:44:15.435+01:00 DEBUG 19620 --- [catalogue-service] [reshExecutor-%d] o.s.web.client.RestTemplate              : Accept=[application/json, application/*+json]
2025-10-19T17:44:15.439+01:00 DEBUG 19620 --- [catalogue-service] [reshExecutor-%d] o.s.web.client.RestTemplate              : Response 200 OK
2025-10-19T17:44:15.439+01:00 DEBUG 19620 --- [catalogue-service] [reshExecutor-%d] o.s.web.client.RestTemplate              : Reading to [org.springframework.cloud.netflix.eureka.http.EurekaApplications]
2025-10-19T17:44:45.360+01:00 DEBUG 19620 --- [catalogue-service] [beatExecutor-%d] o.s.web.client.RestTemplate              : HTTP PUT http://localhost:8761/eureka/apps/CATALOGUE-SERVICE/192.168.189.1:catalogue-service:8084?status=UP&lastDirtyTimestamp=1760888940362
2025-10-19T17:44:45.360+01:00 DEBUG 19620 --- [catalogue-service] [beatExecutor-%d] o.s.web.client.RestTemplate              : Accept=[application/json, application/*+json]
2025-10-19T17:44:45.364+01:00 DEBUG 19620 --- [catalogue-service] [beatExecutor-%d] o.s.web.client.RestTemplate              : Response 200 OK
2025-10-19T17:44:45.441+01:00 DEBUG 19620 --- [catalogue-service] [reshExecutor-%d] o.s.web.client.RestTemplate              : HTTP GET http://localhost:8761/eureka/apps/delta
2025-10-19T17:44:45.442+01:00 DEBUG 19620 --- [catalogue-service] [reshExecutor-%d] o.s.web.client.RestTemplate              : Accept=[application/json, application/*+json]
2025-10-19T17:44:45.446+01:00 DEBUG 19620 --- [catalogue-service] [reshExecutor-%d] o.s.web.client.RestTemplate              : Response 200 OK
2025-10-19T17:44:45.446+01:00 DEBUG 19620 --- [catalogue-service] [reshExecutor-%d] o.s.web.client.RestTemplate              : Reading to [org.springframework.cloud.netflix.eureka.http.EurekaApplications]
2025-10-19T17:45:15.365+01:00 DEBUG 19620 --- [catalogue-service] [beatExecutor-%d] o.s.web.client.RestTemplate              : HTTP PUT http://localhost:8761/eureka/apps/CATALOGUE-SERVICE/192.168.189.1:catalogue-service:8084?status=UP&lastDirtyTimestamp=1760888940362
2025-10-19T17:45:15.366+01:00 DEBUG 19620 --- [catalogue-service] [beatExecutor-%d] o.s.web.client.RestTemplate              : Accept=[application/json, application/*+json]
2025-10-19T17:45:15.371+01:00 DEBUG 19620 --- [catalogue-service] [beatExecutor-%d] o.s.web.client.RestTemplate              : Response 200 OK
2025-10-19T17:45:15.448+01:00 DEBUG 19620 --- [catalogue-service] [reshExecutor-%d] o.s.web.client.RestTemplate              : HTTP GET http://localhost:8761/eureka/apps/delta
2025-10-19T17:45:15.449+01:00 DEBUG 19620 --- [catalogue-service] [reshExecutor-%d] o.s.web.client.RestTemplate              : Accept=[application/json, application/*+json]
2025-10-19T17:45:15.455+01:00 DEBUG 19620 --- [catalogue-service] [reshExecutor-%d] o.s.web.client.RestTemplate              : Response 200 OK
2025-10-19T17:45:15.455+01:00 DEBUG 19620 --- [catalogue-service] [reshExecutor-%d] o.s.web.client.RestTemplate              : Reading to [org.springframework.cloud.netflix.eureka.http.EurekaApplications]
2025-10-19T17:45:45.372+01:00 DEBUG 19620 --- [catalogue-service] [beatExecutor-%d] o.s.web.client.RestTemplate              : HTTP PUT http://localhost:8761/eureka/apps/CATALOGUE-SERVICE/192.168.189.1:catalogue-service:8084?status=UP&lastDirtyTimestamp=1760888940362
2025-10-19T17:45:45.373+01:00 DEBUG 19620 --- [catalogue-service] [beatExecutor-%d] o.s.web.client.RestTemplate              : Accept=[application/json, application/*+json]
2025-10-19T17:45:45.377+01:00 DEBUG 19620 --- [catalogue-service] [beatExecutor-%d] o.s.web.client.RestTemplate              : Response 200 OK
2025-10-19T17:45:45.457+01:00 DEBUG 19620 --- [catalogue-service] [reshExecutor-%d] o.s.web.client.RestTemplate              : HTTP GET http://localhost:8761/eureka/apps/delta
2025-10-19T17:45:45.458+01:00 DEBUG 19620 --- [catalogue-service] [reshExecutor-%d] o.s.web.client.RestTemplate              : Accept=[application/json, application/*+json]
2025-10-19T17:45:45.462+01:00 DEBUG 19620 --- [catalogue-service] [reshExecutor-%d] o.s.web.client.RestTemplate              : Response 200 OK
2025-10-19T17:45:45.462+01:00 DEBUG 19620 --- [catalogue-service] [reshExecutor-%d] o.s.web.client.RestTemplate              : Reading to [org.springframework.cloud.netflix.eureka.http.EurekaApplications]
2025-10-19T17:46:15.379+01:00 DEBUG 19620 --- [catalogue-service] [beatExecutor-%d] o.s.web.client.RestTemplate              : HTTP PUT http://localhost:8761/eureka/apps/CATALOGUE-SERVICE/192.168.189.1:catalogue-service:8084?status=UP&lastDirtyTimestamp=1760888940362
2025-10-19T17:46:15.380+01:00 DEBUG 19620 --- [catalogue-service] [beatExecutor-%d] o.s.web.client.RestTemplate              : Accept=[application/json, application/*+json]
2025-10-19T17:46:15.384+01:00 DEBUG 19620 --- [catalogue-service] [beatExecutor-%d] o.s.web.client.RestTemplate              : Response 200 OK
2025-10-19T17:46:15.465+01:00 DEBUG 19620 --- [catalogue-service] [reshExecutor-%d] o.s.web.client.RestTemplate              : HTTP GET http://localhost:8761/eureka/apps/delta
2025-10-19T17:46:15.465+01:00 DEBUG 19620 --- [catalogue-service] [reshExecutor-%d] o.s.web.client.RestTemplate              : Accept=[application/json, application/*+json]
2025-10-19T17:46:15.470+01:00 DEBUG 19620 --- [catalogue-service] [reshExecutor-%d] o.s.web.client.RestTemplate              : Response 200 OK
2025-10-19T17:46:15.470+01:00 DEBUG 19620 --- [catalogue-service] [reshExecutor-%d] o.s.web.client.RestTemplate              : Reading to [org.springframework.cloud.netflix.eureka.http.EurekaApplications]
2025-10-19T17:46:45.385+01:00 DEBUG 19620 --- [catalogue-service] [beatExecutor-%d] o.s.web.client.RestTemplate              : HTTP PUT http://localhost:8761/eureka/apps/CATALOGUE-SERVICE/192.168.189.1:catalogue-service:8084?status=UP&lastDirtyTimestamp=1760888940362
2025-10-19T17:46:45.386+01:00 DEBUG 19620 --- [catalogue-service] [beatExecutor-%d] o.s.web.client.RestTemplate              : Accept=[application/json, application/*+json]
2025-10-19T17:46:45.390+01:00 DEBUG 19620 --- [catalogue-service] [beatExecutor-%d] o.s.web.client.RestTemplate              : Response 200 OK
2025-10-19T17:46:45.472+01:00 DEBUG 19620 --- [catalogue-service] [reshExecutor-%d] o.s.web.client.RestTemplate              : HTTP GET http://localhost:8761/eureka/apps/delta
2025-10-19T17:46:45.472+01:00 DEBUG 19620 --- [catalogue-service] [reshExecutor-%d] o.s.web.client.RestTemplate              : Accept=[application/json, application/*+json]
2025-10-19T17:46:45.476+01:00 DEBUG 19620 --- [catalogue-service] [reshExecutor-%d] o.s.web.client.RestTemplate              : Response 200 OK
2025-10-19T17:46:45.477+01:00 DEBUG 19620 --- [catalogue-service] [reshExecutor-%d] o.s.web.client.RestTemplate              : Reading to [org.springframework.cloud.netflix.eureka.http.EurekaApplications]
2025-10-19T17:47:15.391+01:00 DEBUG 19620 --- [catalogue-service] [beatExecutor-%d] o.s.web.client.RestTemplate              : HTTP PUT http://localhost:8761/eureka/apps/CATALOGUE-SERVICE/192.168.189.1:catalogue-service:8084?status=UP&lastDirtyTimestamp=1760888940362
2025-10-19T17:47:15.392+01:00 DEBUG 19620 --- [catalogue-service] [beatExecutor-%d] o.s.web.client.RestTemplate              : Accept=[application/json, application/*+json]
2025-10-19T17:47:15.396+01:00 DEBUG 19620 --- [catalogue-service] [beatExecutor-%d] o.s.web.client.RestTemplate              : Response 200 OK
2025-10-19T17:47:15.479+01:00 DEBUG 19620 --- [catalogue-service] [reshExecutor-%d] o.s.web.client.RestTemplate              : HTTP GET http://localhost:8761/eureka/apps/delta
2025-10-19T17:47:15.479+01:00 DEBUG 19620 --- [catalogue-service] [reshExecutor-%d] o.s.web.client.RestTemplate              : Accept=[application/json, application/*+json]
2025-10-19T17:47:15.483+01:00 DEBUG 19620 --- [catalogue-service] [reshExecutor-%d] o.s.web.client.RestTemplate              : Response 200 OK
2025-10-19T17:47:15.484+01:00 DEBUG 19620 --- [catalogue-service] [reshExecutor-%d] o.s.web.client.RestTemplate              : Reading to [org.springframework.cloud.netflix.eureka.http.EurekaApplications]
2025-10-19T17:47:45.397+01:00 DEBUG 19620 --- [catalogue-service] [beatExecutor-%d] o.s.web.client.RestTemplate              : HTTP PUT http://localhost:8761/eureka/apps/CATALOGUE-SERVICE/192.168.189.1:catalogue-service:8084?status=UP&lastDirtyTimestamp=1760888940362
2025-10-19T17:47:45.398+01:00 DEBUG 19620 --- [catalogue-service] [beatExecutor-%d] o.s.web.client.RestTemplate              : Accept=[application/json, application/*+json]
2025-10-19T17:47:45.402+01:00 DEBUG 19620 --- [catalogue-service] [beatExecutor-%d] o.s.web.client.RestTemplate              : Response 200 OK
2025-10-19T17:47:45.485+01:00 DEBUG 19620 --- [catalogue-service] [reshExecutor-%d] o.s.web.client.RestTemplate              : HTTP GET http://localhost:8761/eureka/apps/delta
2025-10-19T17:47:45.486+01:00 DEBUG 19620 --- [catalogue-service] [reshExecutor-%d] o.s.web.client.RestTemplate              : Accept=[application/json, application/*+json]
2025-10-19T17:47:45.490+01:00 DEBUG 19620 --- [catalogue-service] [reshExecutor-%d] o.s.web.client.RestTemplate              : Response 200 OK
2025-10-19T17:47:45.490+01:00 DEBUG 19620 --- [catalogue-service] [reshExecutor-%d] o.s.web.client.RestTemplate              : Reading to [org.springframework.cloud.netflix.eureka.http.EurekaApplications]
2025-10-19T17:48:15.403+01:00 DEBUG 19620 --- [catalogue-service] [beatExecutor-%d] o.s.web.client.RestTemplate              : HTTP PUT http://localhost:8761/eureka/apps/CATALOGUE-SERVICE/192.168.189.1:catalogue-service:8084?status=UP&lastDirtyTimestamp=1760888940362
2025-10-19T17:48:15.404+01:00 DEBUG 19620 --- [catalogue-service] [beatExecutor-%d] o.s.web.client.RestTemplate              : Accept=[application/json, application/*+json]
2025-10-19T17:48:15.408+01:00 DEBUG 19620 --- [catalogue-service] [beatExecutor-%d] o.s.web.client.RestTemplate              : Response 200 OK
2025-10-19T17:48:15.492+01:00 DEBUG 19620 --- [catalogue-service] [reshExecutor-%d] o.s.web.client.RestTemplate              : HTTP GET http://localhost:8761/eureka/apps/delta
2025-10-19T17:48:15.492+01:00 DEBUG 19620 --- [catalogue-service] [reshExecutor-%d] o.s.web.client.RestTemplate              : Accept=[application/json, application/*+json]
2025-10-19T17:48:15.496+01:00 DEBUG 19620 --- [catalogue-service] [reshExecutor-%d] o.s.web.client.RestTemplate              : Response 200 OK
2025-10-19T17:48:15.496+01:00 DEBUG 19620 --- [catalogue-service] [reshExecutor-%d] o.s.web.client.RestTemplate              : Reading to [org.springframework.cloud.netflix.eureka.http.EurekaApplications]
2025-10-19T17:48:41.777+01:00  INFO 19620 --- [catalogue-service] [rap-executor-%d] c.n.d.s.r.aws.ConfigClusterResolver      : Resolving eureka endpoints via configuration
2025-10-19T17:48:45.409+01:00 DEBUG 19620 --- [catalogue-service] [beatExecutor-%d] o.s.web.client.RestTemplate              : HTTP PUT http://localhost:8761/eureka/apps/CATALOGUE-SERVICE/192.168.189.1:catalogue-service:8084?status=UP&lastDirtyTimestamp=1760888940362
2025-10-19T17:48:45.410+01:00 DEBUG 19620 --- [catalogue-service] [beatExecutor-%d] o.s.web.client.RestTemplate              : Accept=[application/json, application/*+json]
2025-10-19T17:48:45.413+01:00 DEBUG 19620 --- [catalogue-service] [beatExecutor-%d] o.s.web.client.RestTemplate              : Response 200 OK
2025-10-19T17:48:45.498+01:00 DEBUG 19620 --- [catalogue-service] [reshExecutor-%d] o.s.web.client.RestTemplate              : HTTP GET http://localhost:8761/eureka/apps/delta
2025-10-19T17:48:45.499+01:00 DEBUG 19620 --- [catalogue-service] [reshExecutor-%d] o.s.web.client.RestTemplate              : Accept=[application/json, application/*+json]
2025-10-19T17:48:45.503+01:00 DEBUG 19620 --- [catalogue-service] [reshExecutor-%d] o.s.web.client.RestTemplate              : Response 200 OK
2025-10-19T17:48:45.503+01:00 DEBUG 19620 --- [catalogue-service] [reshExecutor-%d] o.s.web.client.RestTemplate              : Reading to [org.springframework.cloud.netflix.eureka.http.EurekaApplications]
2025-10-19T17:49:15.415+01:00 DEBUG 19620 --- [catalogue-service] [beatExecutor-%d] o.s.web.client.RestTemplate              : HTTP PUT http://localhost:8761/eureka/apps/CATALOGUE-SERVICE/192.168.189.1:catalogue-service:8084?status=UP&lastDirtyTimestamp=1760888940362
2025-10-19T17:49:15.416+01:00 DEBUG 19620 --- [catalogue-service] [beatExecutor-%d] o.s.web.client.RestTemplate              : Accept=[application/json, application/*+json]
2025-10-19T17:49:15.420+01:00 DEBUG 19620 --- [catalogue-service] [beatExecutor-%d] o.s.web.client.RestTemplate              : Response 200 OK
2025-10-19T17:49:15.505+01:00 DEBUG 19620 --- [catalogue-service] [reshExecutor-%d] o.s.web.client.RestTemplate              : HTTP GET http://localhost:8761/eureka/apps/delta
2025-10-19T17:49:15.505+01:00 DEBUG 19620 --- [catalogue-service] [reshExecutor-%d] o.s.web.client.RestTemplate              : Accept=[application/json, application/*+json]
2025-10-19T17:49:15.509+01:00 DEBUG 19620 --- [catalogue-service] [reshExecutor-%d] o.s.web.client.RestTemplate              : Response 200 OK
2025-10-19T17:49:15.510+01:00 DEBUG 19620 --- [catalogue-service] [reshExecutor-%d] o.s.web.client.RestTemplate              : Reading to [org.springframework.cloud.netflix.eureka.http.EurekaApplications]
2025-10-19T17:49:45.421+01:00 DEBUG 19620 --- [catalogue-service] [beatExecutor-%d] o.s.web.client.RestTemplate              : HTTP PUT http://localhost:8761/eureka/apps/CATALOGUE-SERVICE/192.168.189.1:catalogue-service:8084?status=UP&lastDirtyTimestamp=1760888940362
2025-10-19T17:49:45.422+01:00 DEBUG 19620 --- [catalogue-service] [beatExecutor-%d] o.s.web.client.RestTemplate              : Accept=[application/json, application/*+json]
2025-10-19T17:49:45.425+01:00 DEBUG 19620 --- [catalogue-service] [beatExecutor-%d] o.s.web.client.RestTemplate              : Response 200 OK
2025-10-19T17:49:45.511+01:00 DEBUG 19620 --- [catalogue-service] [reshExecutor-%d] o.s.web.client.RestTemplate              : HTTP GET http://localhost:8761/eureka/apps/delta
2025-10-19T17:49:45.512+01:00 DEBUG 19620 --- [catalogue-service] [reshExecutor-%d] o.s.web.client.RestTemplate              : Accept=[application/json, application/*+json]
2025-10-19T17:49:45.514+01:00 DEBUG 19620 --- [catalogue-service] [reshExecutor-%d] o.s.web.client.RestTemplate              : Response 200 OK
2025-10-19T17:49:45.515+01:00 DEBUG 19620 --- [catalogue-service] [reshExecutor-%d] o.s.web.client.RestTemplate              : Reading to [org.springframework.cloud.netflix.eureka.http.EurekaApplications]
2025-10-19T17:50:15.427+01:00 DEBUG 19620 --- [catalogue-service] [beatExecutor-%d] o.s.web.client.RestTemplate              : HTTP PUT http://localhost:8761/eureka/apps/CATALOGUE-SERVICE/192.168.189.1:catalogue-service:8084?status=UP&lastDirtyTimestamp=1760888940362
2025-10-19T17:50:15.428+01:00 DEBUG 19620 --- [catalogue-service] [beatExecutor-%d] o.s.web.client.RestTemplate              : Accept=[application/json, application/*+json]
2025-10-19T17:50:15.432+01:00 DEBUG 19620 --- [catalogue-service] [beatExecutor-%d] o.s.web.client.RestTemplate              : Response 200 OK
2025-10-19T17:50:15.518+01:00 DEBUG 19620 --- [catalogue-service] [reshExecutor-%d] o.s.web.client.RestTemplate              : HTTP GET http://localhost:8761/eureka/apps/delta
2025-10-19T17:50:15.519+01:00 DEBUG 19620 --- [catalogue-service] [reshExecutor-%d] o.s.web.client.RestTemplate              : Accept=[application/json, application/*+json]
2025-10-19T17:50:15.524+01:00 DEBUG 19620 --- [catalogue-service] [reshExecutor-%d] o.s.web.client.RestTemplate              : Response 200 OK
2025-10-19T17:50:15.527+01:00 DEBUG 19620 --- [catalogue-service] [reshExecutor-%d] o.s.web.client.RestTemplate              : Reading to [org.springframework.cloud.netflix.eureka.http.EurekaApplications]
2025-10-19T17:50:45.433+01:00 DEBUG 19620 --- [catalogue-service] [beatExecutor-%d] o.s.web.client.RestTemplate              : HTTP PUT http://localhost:8761/eureka/apps/CATALOGUE-SERVICE/192.168.189.1:catalogue-service:8084?status=UP&lastDirtyTimestamp=1760888940362
2025-10-19T17:50:45.434+01:00 DEBUG 19620 --- [catalogue-service] [beatExecutor-%d] o.s.web.client.RestTemplate              : Accept=[application/json, application/*+json]
2025-10-19T17:50:45.437+01:00 DEBUG 19620 --- [catalogue-service] [beatExecutor-%d] o.s.web.client.RestTemplate              : Response 200 OK
2025-10-19T17:50:45.529+01:00 DEBUG 19620 --- [catalogue-service] [reshExecutor-%d] o.s.web.client.RestTemplate              : HTTP GET http://localhost:8761/eureka/apps/delta
2025-10-19T17:50:45.529+01:00 DEBUG 19620 --- [catalogue-service] [reshExecutor-%d] o.s.web.client.RestTemplate              : Accept=[application/json, application/*+json]
2025-10-19T17:50:45.533+01:00 DEBUG 19620 --- [catalogue-service] [reshExecutor-%d] o.s.web.client.RestTemplate              : Response 200 OK
2025-10-19T17:50:45.533+01:00 DEBUG 19620 --- [catalogue-service] [reshExecutor-%d] o.s.web.client.RestTemplate              : Reading to [org.springframework.cloud.netflix.eureka.http.EurekaApplications]
2025-10-19T17:51:15.439+01:00 DEBUG 19620 --- [catalogue-service] [beatExecutor-%d] o.s.web.client.RestTemplate              : HTTP PUT http://localhost:8761/eureka/apps/CATALOGUE-SERVICE/192.168.189.1:catalogue-service:8084?status=UP&lastDirtyTimestamp=1760888940362
2025-10-19T17:51:15.439+01:00 DEBUG 19620 --- [catalogue-service] [beatExecutor-%d] o.s.web.client.RestTemplate              : Accept=[application/json, application/*+json]
2025-10-19T17:51:15.444+01:00 DEBUG 19620 --- [catalogue-service] [beatExecutor-%d] o.s.web.client.RestTemplate              : Response 200 OK
2025-10-19T17:51:15.535+01:00 DEBUG 19620 --- [catalogue-service] [reshExecutor-%d] o.s.web.client.RestTemplate              : HTTP GET http://localhost:8761/eureka/apps/delta
2025-10-19T17:51:15.536+01:00 DEBUG 19620 --- [catalogue-service] [reshExecutor-%d] o.s.web.client.RestTemplate              : Accept=[application/json, application/*+json]
2025-10-19T17:51:15.540+01:00 DEBUG 19620 --- [catalogue-service] [reshExecutor-%d] o.s.web.client.RestTemplate              : Response 200 OK
2025-10-19T17:51:15.540+01:00 DEBUG 19620 --- [catalogue-service] [reshExecutor-%d] o.s.web.client.RestTemplate              : Reading to [org.springframework.cloud.netflix.eureka.http.EurekaApplications]
2025-10-19T17:51:45.445+01:00 DEBUG 19620 --- [catalogue-service] [beatExecutor-%d] o.s.web.client.RestTemplate              : HTTP PUT http://localhost:8761/eureka/apps/CATALOGUE-SERVICE/192.168.189.1:catalogue-service:8084?status=UP&lastDirtyTimestamp=1760888940362
2025-10-19T17:51:45.445+01:00 DEBUG 19620 --- [catalogue-service] [beatExecutor-%d] o.s.web.client.RestTemplate              : Accept=[application/json, application/*+json]
2025-10-19T17:51:45.449+01:00 DEBUG 19620 --- [catalogue-service] [beatExecutor-%d] o.s.web.client.RestTemplate              : Response 200 OK
2025-10-19T17:51:45.542+01:00 DEBUG 19620 --- [catalogue-service] [reshExecutor-%d] o.s.web.client.RestTemplate              : HTTP GET http://localhost:8761/eureka/apps/delta
2025-10-19T17:51:45.542+01:00 DEBUG 19620 --- [catalogue-service] [reshExecutor-%d] o.s.web.client.RestTemplate              : Accept=[application/json, application/*+json]
2025-10-19T17:51:45.546+01:00 DEBUG 19620 --- [catalogue-service] [reshExecutor-%d] o.s.web.client.RestTemplate              : Response 200 OK
2025-10-19T17:51:45.547+01:00 DEBUG 19620 --- [catalogue-service] [reshExecutor-%d] o.s.web.client.RestTemplate              : Reading to [org.springframework.cloud.netflix.eureka.http.EurekaApplications]
2025-10-19T17:52:15.451+01:00 DEBUG 19620 --- [catalogue-service] [beatExecutor-%d] o.s.web.client.RestTemplate              : HTTP PUT http://localhost:8761/eureka/apps/CATALOGUE-SERVICE/192.168.189.1:catalogue-service:8084?status=UP&lastDirtyTimestamp=1760888940362
2025-10-19T17:52:15.452+01:00 DEBUG 19620 --- [catalogue-service] [beatExecutor-%d] o.s.web.client.RestTemplate              : Accept=[application/json, application/*+json]
2025-10-19T17:52:15.456+01:00 DEBUG 19620 --- [catalogue-service] [beatExecutor-%d] o.s.web.client.RestTemplate              : Response 200 OK
2025-10-19T17:52:15.548+01:00 DEBUG 19620 --- [catalogue-service] [reshExecutor-%d] o.s.web.client.RestTemplate              : HTTP GET http://localhost:8761/eureka/apps/delta
2025-10-19T17:52:15.549+01:00 DEBUG 19620 --- [catalogue-service] [reshExecutor-%d] o.s.web.client.RestTemplate              : Accept=[application/json, application/*+json]
2025-10-19T17:52:15.552+01:00 DEBUG 19620 --- [catalogue-service] [reshExecutor-%d] o.s.web.client.RestTemplate              : Response 200 OK
2025-10-19T17:52:15.553+01:00 DEBUG 19620 --- [catalogue-service] [reshExecutor-%d] o.s.web.client.RestTemplate              : Reading to [org.springframework.cloud.netflix.eureka.http.EurekaApplications]
2025-10-19T17:52:45.457+01:00 DEBUG 19620 --- [catalogue-service] [beatExecutor-%d] o.s.web.client.RestTemplate              : HTTP PUT http://localhost:8761/eureka/apps/CATALOGUE-SERVICE/192.168.189.1:catalogue-service:8084?status=UP&lastDirtyTimestamp=1760888940362
2025-10-19T17:52:45.458+01:00 DEBUG 19620 --- [catalogue-service] [beatExecutor-%d] o.s.web.client.RestTemplate              : Accept=[application/json, application/*+json]
2025-10-19T17:52:45.462+01:00 DEBUG 19620 --- [catalogue-service] [beatExecutor-%d] o.s.web.client.RestTemplate              : Response 200 OK
2025-10-19T17:52:45.554+01:00 DEBUG 19620 --- [catalogue-service] [reshExecutor-%d] o.s.web.client.RestTemplate              : HTTP GET http://localhost:8761/eureka/apps/delta
2025-10-19T17:52:45.555+01:00 DEBUG 19620 --- [catalogue-service] [reshExecutor-%d] o.s.web.client.RestTemplate              : Accept=[application/json, application/*+json]
2025-10-19T17:52:45.559+01:00 DEBUG 19620 --- [catalogue-service] [reshExecutor-%d] o.s.web.client.RestTemplate              : Response 200 OK
2025-10-19T17:52:45.559+01:00 DEBUG 19620 --- [catalogue-service] [reshExecutor-%d] o.s.web.client.RestTemplate              : Reading to [org.springframework.cloud.netflix.eureka.http.EurekaApplications]
2025-10-19T17:53:15.463+01:00 DEBUG 19620 --- [catalogue-service] [beatExecutor-%d] o.s.web.client.RestTemplate              : HTTP PUT http://localhost:8761/eureka/apps/CATALOGUE-SERVICE/192.168.189.1:catalogue-service:8084?status=UP&lastDirtyTimestamp=1760888940362
2025-10-19T17:53:15.463+01:00 DEBUG 19620 --- [catalogue-service] [beatExecutor-%d] o.s.web.client.RestTemplate              : Accept=[application/json, application/*+json]
2025-10-19T17:53:15.467+01:00 DEBUG 19620 --- [catalogue-service] [beatExecutor-%d] o.s.web.client.RestTemplate              : Response 200 OK
2025-10-19T17:53:15.561+01:00 DEBUG 19620 --- [catalogue-service] [reshExecutor-%d] o.s.web.client.RestTemplate              : HTTP GET http://localhost:8761/eureka/apps/delta
2025-10-19T17:53:15.562+01:00 DEBUG 19620 --- [catalogue-service] [reshExecutor-%d] o.s.web.client.RestTemplate              : Accept=[application/json, application/*+json]
2025-10-19T17:53:15.565+01:00 DEBUG 19620 --- [catalogue-service] [reshExecutor-%d] o.s.web.client.RestTemplate              : Response 200 OK
2025-10-19T17:53:15.566+01:00 DEBUG 19620 --- [catalogue-service] [reshExecutor-%d] o.s.web.client.RestTemplate              : Reading to [org.springframework.cloud.netflix.eureka.http.EurekaApplications]
2025-10-19T17:53:41.777+01:00  INFO 19620 --- [catalogue-service] [rap-executor-%d] c.n.d.s.r.aws.ConfigClusterResolver      : Resolving eureka endpoints via configuration
2025-10-19T17:53:45.469+01:00 DEBUG 19620 --- [catalogue-service] [beatExecutor-%d] o.s.web.client.RestTemplate              : HTTP PUT http://localhost:8761/eureka/apps/CATALOGUE-SERVICE/192.168.189.1:catalogue-service:8084?status=UP&lastDirtyTimestamp=1760888940362
2025-10-19T17:53:45.469+01:00 DEBUG 19620 --- [catalogue-service] [beatExecutor-%d] o.s.web.client.RestTemplate              : Accept=[application/json, application/*+json]
2025-10-19T17:53:45.474+01:00 DEBUG 19620 --- [catalogue-service] [beatExecutor-%d] o.s.web.client.RestTemplate              : Response 200 OK
2025-10-19T17:53:45.567+01:00 DEBUG 19620 --- [catalogue-service] [reshExecutor-%d] o.s.web.client.RestTemplate              : HTTP GET http://localhost:8761/eureka/apps/delta
2025-10-19T17:53:45.568+01:00 DEBUG 19620 --- [catalogue-service] [reshExecutor-%d] o.s.web.client.RestTemplate              : Accept=[application/json, application/*+json]
2025-10-19T17:53:45.572+01:00 DEBUG 19620 --- [catalogue-service] [reshExecutor-%d] o.s.web.client.RestTemplate              : Response 200 OK
2025-10-19T17:53:45.572+01:00 DEBUG 19620 --- [catalogue-service] [reshExecutor-%d] o.s.web.client.RestTemplate              : Reading to [org.springframework.cloud.netflix.eureka.http.EurekaApplications]
2025-10-19T17:54:15.475+01:00 DEBUG 19620 --- [catalogue-service] [beatExecutor-%d] o.s.web.client.RestTemplate              : HTTP PUT http://localhost:8761/eureka/apps/CATALOGUE-SERVICE/192.168.189.1:catalogue-service:8084?status=UP&lastDirtyTimestamp=1760888940362
2025-10-19T17:54:15.476+01:00 DEBUG 19620 --- [catalogue-service] [beatExecutor-%d] o.s.web.client.RestTemplate              : Accept=[application/json, application/*+json]
2025-10-19T17:54:15.480+01:00 DEBUG 19620 --- [catalogue-service] [beatExecutor-%d] o.s.web.client.RestTemplate              : Response 200 OK
2025-10-19T17:54:15.584+01:00 DEBUG 19620 --- [catalogue-service] [reshExecutor-%d] o.s.web.client.RestTemplate              : HTTP GET http://localhost:8761/eureka/apps/delta
2025-10-19T17:54:15.594+01:00 DEBUG 19620 --- [catalogue-service] [reshExecutor-%d] o.s.web.client.RestTemplate              : Accept=[application/json, application/*+json]
2025-10-19T17:54:15.597+01:00 DEBUG 19620 --- [catalogue-service] [reshExecutor-%d] o.s.web.client.RestTemplate              : Response 200 OK
2025-10-19T17:54:15.598+01:00 DEBUG 19620 --- [catalogue-service] [reshExecutor-%d] o.s.web.client.RestTemplate              : Reading to [org.springframework.cloud.netflix.eureka.http.EurekaApplications]
2025-10-19T17:54:45.481+01:00 DEBUG 19620 --- [catalogue-service] [beatExecutor-%d] o.s.web.client.RestTemplate              : HTTP PUT http://localhost:8761/eureka/apps/CATALOGUE-SERVICE/192.168.189.1:catalogue-service:8084?status=UP&lastDirtyTimestamp=1760888940362
2025-10-19T17:54:45.482+01:00 DEBUG 19620 --- [catalogue-service] [beatExecutor-%d] o.s.web.client.RestTemplate              : Accept=[application/json, application/*+json]
2025-10-19T17:54:45.486+01:00 DEBUG 19620 --- [catalogue-service] [beatExecutor-%d] o.s.web.client.RestTemplate              : Response 200 OK
2025-10-19T17:54:45.600+01:00 DEBUG 19620 --- [catalogue-service] [reshExecutor-%d] o.s.web.client.RestTemplate              : HTTP GET http://localhost:8761/eureka/apps/delta
2025-10-19T17:54:45.600+01:00 DEBUG 19620 --- [catalogue-service] [reshExecutor-%d] o.s.web.client.RestTemplate              : Accept=[application/json, application/*+json]
2025-10-19T17:54:45.604+01:00 DEBUG 19620 --- [catalogue-service] [reshExecutor-%d] o.s.web.client.RestTemplate              : Response 200 OK
2025-10-19T17:54:45.605+01:00 DEBUG 19620 --- [catalogue-service] [reshExecutor-%d] o.s.web.client.RestTemplate              : Reading to [org.springframework.cloud.netflix.eureka.http.EurekaApplications]
2025-10-19T17:55:15.488+01:00 DEBUG 19620 --- [catalogue-service] [beatExecutor-%d] o.s.web.client.RestTemplate              : HTTP PUT http://localhost:8761/eureka/apps/CATALOGUE-SERVICE/192.168.189.1:catalogue-service:8084?status=UP&lastDirtyTimestamp=1760888940362
2025-10-19T17:55:15.488+01:00 DEBUG 19620 --- [catalogue-service] [beatExecutor-%d] o.s.web.client.RestTemplate              : Accept=[application/json, application/*+json]
2025-10-19T17:55:15.492+01:00 DEBUG 19620 --- [catalogue-service] [beatExecutor-%d] o.s.web.client.RestTemplate              : Response 200 OK
2025-10-19T17:55:15.607+01:00 DEBUG 19620 --- [catalogue-service] [reshExecutor-%d] o.s.web.client.RestTemplate              : HTTP GET http://localhost:8761/eureka/apps/delta
2025-10-19T17:55:15.607+01:00 DEBUG 19620 --- [catalogue-service] [reshExecutor-%d] o.s.web.client.RestTemplate              : Accept=[application/json, application/*+json]
2025-10-19T17:55:15.611+01:00 DEBUG 19620 --- [catalogue-service] [reshExecutor-%d] o.s.web.client.RestTemplate              : Response 200 OK
2025-10-19T17:55:15.611+01:00 DEBUG 19620 --- [catalogue-service] [reshExecutor-%d] o.s.web.client.RestTemplate              : Reading to [org.springframework.cloud.netflix.eureka.http.EurekaApplications]
2025-10-19T17:55:45.494+01:00 DEBUG 19620 --- [catalogue-service] [beatExecutor-%d] o.s.web.client.RestTemplate              : HTTP PUT http://localhost:8761/eureka/apps/CATALOGUE-SERVICE/192.168.189.1:catalogue-service:8084?status=UP&lastDirtyTimestamp=1760888940362
2025-10-19T17:55:45.495+01:00 DEBUG 19620 --- [catalogue-service] [beatExecutor-%d] o.s.web.client.RestTemplate              : Accept=[application/json, application/*+json]
2025-10-19T17:55:45.499+01:00 DEBUG 19620 --- [catalogue-service] [beatExecutor-%d] o.s.web.client.RestTemplate              : Response 200 OK
2025-10-19T17:55:45.614+01:00 DEBUG 19620 --- [catalogue-service] [reshExecutor-%d] o.s.web.client.RestTemplate              : HTTP GET http://localhost:8761/eureka/apps/delta
2025-10-19T17:55:45.614+01:00 DEBUG 19620 --- [catalogue-service] [reshExecutor-%d] o.s.web.client.RestTemplate              : Accept=[application/json, application/*+json]
2025-10-19T17:55:45.618+01:00 DEBUG 19620 --- [catalogue-service] [reshExecutor-%d] o.s.web.client.RestTemplate              : Response 200 OK
2025-10-19T17:55:45.618+01:00 DEBUG 19620 --- [catalogue-service] [reshExecutor-%d] o.s.web.client.RestTemplate              : Reading to [org.springframework.cloud.netflix.eureka.http.EurekaApplications]
2025-10-19T17:56:15.500+01:00 DEBUG 19620 --- [catalogue-service] [beatExecutor-%d] o.s.web.client.RestTemplate              : HTTP PUT http://localhost:8761/eureka/apps/CATALOGUE-SERVICE/192.168.189.1:catalogue-service:8084?status=UP&lastDirtyTimestamp=1760888940362
2025-10-19T17:56:15.501+01:00 DEBUG 19620 --- [catalogue-service] [beatExecutor-%d] o.s.web.client.RestTemplate              : Accept=[application/json, application/*+json]
2025-10-19T17:56:15.505+01:00 DEBUG 19620 --- [catalogue-service] [beatExecutor-%d] o.s.web.client.RestTemplate              : Response 200 OK
2025-10-19T17:56:15.621+01:00 DEBUG 19620 --- [catalogue-service] [reshExecutor-%d] o.s.web.client.RestTemplate              : HTTP GET http://localhost:8761/eureka/apps/delta
2025-10-19T17:56:15.621+01:00 DEBUG 19620 --- [catalogue-service] [reshExecutor-%d] o.s.web.client.RestTemplate              : Accept=[application/json, application/*+json]
2025-10-19T17:56:15.625+01:00 DEBUG 19620 --- [catalogue-service] [reshExecutor-%d] o.s.web.client.RestTemplate              : Response 200 OK
2025-10-19T17:56:15.626+01:00 DEBUG 19620 --- [catalogue-service] [reshExecutor-%d] o.s.web.client.RestTemplate              : Reading to [org.springframework.cloud.netflix.eureka.http.EurekaApplications]
2025-10-19T17:56:45.511+01:00 DEBUG 19620 --- [catalogue-service] [beatExecutor-%d] o.s.web.client.RestTemplate              : HTTP PUT http://localhost:8761/eureka/apps/CATALOGUE-SERVICE/192.168.189.1:catalogue-service:8084?status=UP&lastDirtyTimestamp=1760888940362
2025-10-19T17:56:45.519+01:00 DEBUG 19620 --- [catalogue-service] [beatExecutor-%d] o.s.web.client.RestTemplate              : Accept=[application/json, application/*+json]
2025-10-19T17:56:45.523+01:00 DEBUG 19620 --- [catalogue-service] [beatExecutor-%d] o.s.web.client.RestTemplate              : Response 200 OK
2025-10-19T17:56:45.627+01:00 DEBUG 19620 --- [catalogue-service] [reshExecutor-%d] o.s.web.client.RestTemplate              : HTTP GET http://localhost:8761/eureka/apps/delta
2025-10-19T17:56:45.628+01:00 DEBUG 19620 --- [catalogue-service] [reshExecutor-%d] o.s.web.client.RestTemplate              : Accept=[application/json, application/*+json]
2025-10-19T17:56:45.632+01:00 DEBUG 19620 --- [catalogue-service] [reshExecutor-%d] o.s.web.client.RestTemplate              : Response 200 OK
2025-10-19T17:56:45.632+01:00 DEBUG 19620 --- [catalogue-service] [reshExecutor-%d] o.s.web.client.RestTemplate              : Reading to [org.springframework.cloud.netflix.eureka.http.EurekaApplications]
2025-10-19T17:57:15.524+01:00 DEBUG 19620 --- [catalogue-service] [beatExecutor-%d] o.s.web.client.RestTemplate              : HTTP PUT http://localhost:8761/eureka/apps/CATALOGUE-SERVICE/192.168.189.1:catalogue-service:8084?status=UP&lastDirtyTimestamp=1760888940362
2025-10-19T17:57:15.525+01:00 DEBUG 19620 --- [catalogue-service] [beatExecutor-%d] o.s.web.client.RestTemplate              : Accept=[application/json, application/*+json]
2025-10-19T17:57:15.529+01:00 DEBUG 19620 --- [catalogue-service] [beatExecutor-%d] o.s.web.client.RestTemplate              : Response 200 OK
2025-10-19T17:57:15.635+01:00 DEBUG 19620 --- [catalogue-service] [reshExecutor-%d] o.s.web.client.RestTemplate              : HTTP GET http://localhost:8761/eureka/apps/delta
2025-10-19T17:57:15.635+01:00 DEBUG 19620 --- [catalogue-service] [reshExecutor-%d] o.s.web.client.RestTemplate              : Accept=[application/json, application/*+json]
2025-10-19T17:57:15.639+01:00 DEBUG 19620 --- [catalogue-service] [reshExecutor-%d] o.s.web.client.RestTemplate              : Response 200 OK
2025-10-19T17:57:15.640+01:00 DEBUG 19620 --- [catalogue-service] [reshExecutor-%d] o.s.web.client.RestTemplate              : Reading to [org.springframework.cloud.netflix.eureka.http.EurekaApplications]
2025-10-19T17:57:45.531+01:00 DEBUG 19620 --- [catalogue-service] [beatExecutor-%d] o.s.web.client.RestTemplate              : HTTP PUT http://localhost:8761/eureka/apps/CATALOGUE-SERVICE/192.168.189.1:catalogue-service:8084?status=UP&lastDirtyTimestamp=1760888940362
2025-10-19T17:57:45.531+01:00 DEBUG 19620 --- [catalogue-service] [beatExecutor-%d] o.s.web.client.RestTemplate              : Accept=[application/json, application/*+json]
2025-10-19T17:57:45.535+01:00 DEBUG 19620 --- [catalogue-service] [beatExecutor-%d] o.s.web.client.RestTemplate              : Response 200 OK
2025-10-19T17:57:45.642+01:00 DEBUG 19620 --- [catalogue-service] [reshExecutor-%d] o.s.web.client.RestTemplate              : HTTP GET http://localhost:8761/eureka/apps/delta
2025-10-19T17:57:45.642+01:00 DEBUG 19620 --- [catalogue-service] [reshExecutor-%d] o.s.web.client.RestTemplate              : Accept=[application/json, application/*+json]
2025-10-19T17:57:45.646+01:00 DEBUG 19620 --- [catalogue-service] [reshExecutor-%d] o.s.web.client.RestTemplate              : Response 200 OK
2025-10-19T17:57:45.647+01:00 DEBUG 19620 --- [catalogue-service] [reshExecutor-%d] o.s.web.client.RestTemplate              : Reading to [org.springframework.cloud.netflix.eureka.http.EurekaApplications]
2025-10-19T17:58:15.537+01:00 DEBUG 19620 --- [catalogue-service] [beatExecutor-%d] o.s.web.client.RestTemplate              : HTTP PUT http://localhost:8761/eureka/apps/CATALOGUE-SERVICE/192.168.189.1:catalogue-service:8084?status=UP&lastDirtyTimestamp=1760888940362
2025-10-19T17:58:15.537+01:00 DEBUG 19620 --- [catalogue-service] [beatExecutor-%d] o.s.web.client.RestTemplate              : Accept=[application/json, application/*+json]
2025-10-19T17:58:15.541+01:00 DEBUG 19620 --- [catalogue-service] [beatExecutor-%d] o.s.web.client.RestTemplate              : Response 200 OK
2025-10-19T17:58:15.648+01:00 DEBUG 19620 --- [catalogue-service] [reshExecutor-%d] o.s.web.client.RestTemplate              : HTTP GET http://localhost:8761/eureka/apps/delta
2025-10-19T17:58:15.649+01:00 DEBUG 19620 --- [catalogue-service] [reshExecutor-%d] o.s.web.client.RestTemplate              : Accept=[application/json, application/*+json]
2025-10-19T17:58:15.653+01:00 DEBUG 19620 --- [catalogue-service] [reshExecutor-%d] o.s.web.client.RestTemplate              : Response 200 OK
2025-10-19T17:58:15.653+01:00 DEBUG 19620 --- [catalogue-service] [reshExecutor-%d] o.s.web.client.RestTemplate              : Reading to [org.springframework.cloud.netflix.eureka.http.EurekaApplications]
2025-10-19T17:58:41.778+01:00  INFO 19620 --- [catalogue-service] [rap-executor-%d] c.n.d.s.r.aws.ConfigClusterResolver      : Resolving eureka endpoints via configuration
2025-10-19T17:58:45.543+01:00 DEBUG 19620 --- [catalogue-service] [beatExecutor-%d] o.s.web.client.RestTemplate              : HTTP PUT http://localhost:8761/eureka/apps/CATALOGUE-SERVICE/192.168.189.1:catalogue-service:8084?status=UP&lastDirtyTimestamp=1760888940362
2025-10-19T17:58:45.543+01:00 DEBUG 19620 --- [catalogue-service] [beatExecutor-%d] o.s.web.client.RestTemplate              : Accept=[application/json, application/*+json]
2025-10-19T17:58:45.548+01:00 DEBUG 19620 --- [catalogue-service] [beatExecutor-%d] o.s.web.client.RestTemplate              : Response 200 OK
2025-10-19T17:58:45.655+01:00 DEBUG 19620 --- [catalogue-service] [reshExecutor-%d] o.s.web.client.RestTemplate              : HTTP GET http://localhost:8761/eureka/apps/delta
2025-10-19T17:58:45.656+01:00 DEBUG 19620 --- [catalogue-service] [reshExecutor-%d] o.s.web.client.RestTemplate              : Accept=[application/json, application/*+json]
2025-10-19T17:58:45.660+01:00 DEBUG 19620 --- [catalogue-service] [reshExecutor-%d] o.s.web.client.RestTemplate              : Response 200 OK
2025-10-19T17:58:45.660+01:00 DEBUG 19620 --- [catalogue-service] [reshExecutor-%d] o.s.web.client.RestTemplate              : Reading to [org.springframework.cloud.netflix.eureka.http.EurekaApplications]
2025-10-19T17:59:15.549+01:00 DEBUG 19620 --- [catalogue-service] [beatExecutor-%d] o.s.web.client.RestTemplate              : HTTP PUT http://localhost:8761/eureka/apps/CATALOGUE-SERVICE/192.168.189.1:catalogue-service:8084?status=UP&lastDirtyTimestamp=1760888940362
2025-10-19T17:59:15.550+01:00 DEBUG 19620 --- [catalogue-service] [beatExecutor-%d] o.s.web.client.RestTemplate              : Accept=[application/json, application/*+json]
2025-10-19T17:59:15.554+01:00 DEBUG 19620 --- [catalogue-service] [beatExecutor-%d] o.s.web.client.RestTemplate              : Response 200 OK
2025-10-19T17:59:15.662+01:00 DEBUG 19620 --- [catalogue-service] [reshExecutor-%d] o.s.web.client.RestTemplate              : HTTP GET http://localhost:8761/eureka/apps/delta
2025-10-19T17:59:15.662+01:00 DEBUG 19620 --- [catalogue-service] [reshExecutor-%d] o.s.web.client.RestTemplate              : Accept=[application/json, application/*+json]
2025-10-19T17:59:15.666+01:00 DEBUG 19620 --- [catalogue-service] [reshExecutor-%d] o.s.web.client.RestTemplate              : Response 200 OK
2025-10-19T17:59:15.666+01:00 DEBUG 19620 --- [catalogue-service] [reshExecutor-%d] o.s.web.client.RestTemplate              : Reading to [org.springframework.cloud.netflix.eureka.http.EurekaApplications]
2025-10-19T17:59:45.555+01:00 DEBUG 19620 --- [catalogue-service] [beatExecutor-%d] o.s.web.client.RestTemplate              : HTTP PUT http://localhost:8761/eureka/apps/CATALOGUE-SERVICE/192.168.189.1:catalogue-service:8084?status=UP&lastDirtyTimestamp=1760888940362
2025-10-19T17:59:45.555+01:00 DEBUG 19620 --- [catalogue-service] [beatExecutor-%d] o.s.web.client.RestTemplate              : Accept=[application/json, application/*+json]
2025-10-19T17:59:45.559+01:00 DEBUG 19620 --- [catalogue-service] [beatExecutor-%d] o.s.web.client.RestTemplate              : Response 200 OK
2025-10-19T17:59:45.668+01:00 DEBUG 19620 --- [catalogue-service] [reshExecutor-%d] o.s.web.client.RestTemplate              : HTTP GET http://localhost:8761/eureka/apps/delta
2025-10-19T17:59:45.668+01:00 DEBUG 19620 --- [catalogue-service] [reshExecutor-%d] o.s.web.client.RestTemplate              : Accept=[application/json, application/*+json]
2025-10-19T17:59:45.672+01:00 DEBUG 19620 --- [catalogue-service] [reshExecutor-%d] o.s.web.client.RestTemplate              : Response 200 OK
2025-10-19T17:59:45.672+01:00 DEBUG 19620 --- [catalogue-service] [reshExecutor-%d] o.s.web.client.RestTemplate              : Reading to [org.springframework.cloud.netflix.eureka.http.EurekaApplications]
2025-10-19T18:00:15.560+01:00 DEBUG 19620 --- [catalogue-service] [beatExecutor-%d] o.s.web.client.RestTemplate              : HTTP PUT http://localhost:8761/eureka/apps/CATALOGUE-SERVICE/192.168.189.1:catalogue-service:8084?status=UP&lastDirtyTimestamp=1760888940362
2025-10-19T18:00:15.560+01:00 DEBUG 19620 --- [catalogue-service] [beatExecutor-%d] o.s.web.client.RestTemplate              : Accept=[application/json, application/*+json]
2025-10-19T18:00:15.564+01:00 DEBUG 19620 --- [catalogue-service] [beatExecutor-%d] o.s.web.client.RestTemplate              : Response 200 OK
2025-10-19T18:00:15.674+01:00 DEBUG 19620 --- [catalogue-service] [reshExecutor-%d] o.s.web.client.RestTemplate              : HTTP GET http://localhost:8761/eureka/apps/delta
2025-10-19T18:00:15.674+01:00 DEBUG 19620 --- [catalogue-service] [reshExecutor-%d] o.s.web.client.RestTemplate              : Accept=[application/json, application/*+json]
2025-10-19T18:00:15.678+01:00 DEBUG 19620 --- [catalogue-service] [reshExecutor-%d] o.s.web.client.RestTemplate              : Response 200 OK
2025-10-19T18:00:15.678+01:00 DEBUG 19620 --- [catalogue-service] [reshExecutor-%d] o.s.web.client.RestTemplate              : Reading to [org.springframework.cloud.netflix.eureka.http.EurekaApplications]
2025-10-19T18:00:45.565+01:00 DEBUG 19620 --- [catalogue-service] [beatExecutor-%d] o.s.web.client.RestTemplate              : HTTP PUT http://localhost:8761/eureka/apps/CATALOGUE-SERVICE/192.168.189.1:catalogue-service:8084?status=UP&lastDirtyTimestamp=1760888940362
2025-10-19T18:00:45.566+01:00 DEBUG 19620 --- [catalogue-service] [beatExecutor-%d] o.s.web.client.RestTemplate              : Accept=[application/json, application/*+json]
2025-10-19T18:00:45.569+01:00 DEBUG 19620 --- [catalogue-service] [beatExecutor-%d] o.s.web.client.RestTemplate              : Response 200 OK
2025-10-19T18:00:45.680+01:00 DEBUG 19620 --- [catalogue-service] [reshExecutor-%d] o.s.web.client.RestTemplate              : HTTP GET http://localhost:8761/eureka/apps/delta
2025-10-19T18:00:45.680+01:00 DEBUG 19620 --- [catalogue-service] [reshExecutor-%d] o.s.web.client.RestTemplate              : Accept=[application/json, application/*+json]
2025-10-19T18:00:45.684+01:00 DEBUG 19620 --- [catalogue-service] [reshExecutor-%d] o.s.web.client.RestTemplate              : Response 200 OK
2025-10-19T18:00:45.684+01:00 DEBUG 19620 --- [catalogue-service] [reshExecutor-%d] o.s.web.client.RestTemplate              : Reading to [org.springframework.cloud.netflix.eureka.http.EurekaApplications]
2025-10-19T18:01:15.573+01:00 DEBUG 19620 --- [catalogue-service] [beatExecutor-%d] o.s.web.client.RestTemplate              : HTTP PUT http://localhost:8761/eureka/apps/CATALOGUE-SERVICE/192.168.189.1:catalogue-service:8084?status=UP&lastDirtyTimestamp=1760888940362
2025-10-19T18:01:15.573+01:00 DEBUG 19620 --- [catalogue-service] [beatExecutor-%d] o.s.web.client.RestTemplate              : Accept=[application/json, application/*+json]
2025-10-19T18:01:15.581+01:00 DEBUG 19620 --- [catalogue-service] [beatExecutor-%d] o.s.web.client.RestTemplate              : Response 200 OK
2025-10-19T18:01:15.686+01:00 DEBUG 19620 --- [catalogue-service] [reshExecutor-%d] o.s.web.client.RestTemplate              : HTTP GET http://localhost:8761/eureka/apps/delta
2025-10-19T18:01:15.686+01:00 DEBUG 19620 --- [catalogue-service] [reshExecutor-%d] o.s.web.client.RestTemplate              : Accept=[application/json, application/*+json]
2025-10-19T18:01:15.690+01:00 DEBUG 19620 --- [catalogue-service] [reshExecutor-%d] o.s.web.client.RestTemplate              : Response 200 OK
2025-10-19T18:01:15.690+01:00 DEBUG 19620 --- [catalogue-service] [reshExecutor-%d] o.s.web.client.RestTemplate              : Reading to [org.springframework.cloud.netflix.eureka.http.EurekaApplications]
2025-10-19T18:01:45.582+01:00 DEBUG 19620 --- [catalogue-service] [beatExecutor-%d] o.s.web.client.RestTemplate              : HTTP PUT http://localhost:8761/eureka/apps/CATALOGUE-SERVICE/192.168.189.1:catalogue-service:8084?status=UP&lastDirtyTimestamp=1760888940362
2025-10-19T18:01:45.583+01:00 DEBUG 19620 --- [catalogue-service] [beatExecutor-%d] o.s.web.client.RestTemplate              : Accept=[application/json, application/*+json]
2025-10-19T18:01:45.586+01:00 DEBUG 19620 --- [catalogue-service] [beatExecutor-%d] o.s.web.client.RestTemplate              : Response 200 OK
2025-10-19T18:01:45.691+01:00 DEBUG 19620 --- [catalogue-service] [reshExecutor-%d] o.s.web.client.RestTemplate              : HTTP GET http://localhost:8761/eureka/apps/delta
2025-10-19T18:01:45.692+01:00 DEBUG 19620 --- [catalogue-service] [reshExecutor-%d] o.s.web.client.RestTemplate              : Accept=[application/json, application/*+json]
2025-10-19T18:01:45.695+01:00 DEBUG 19620 --- [catalogue-service] [reshExecutor-%d] o.s.web.client.RestTemplate              : Response 200 OK
2025-10-19T18:01:45.696+01:00 DEBUG 19620 --- [catalogue-service] [reshExecutor-%d] o.s.web.client.RestTemplate              : Reading to [org.springframework.cloud.netflix.eureka.http.EurekaApplications]
2025-10-19T18:02:15.587+01:00 DEBUG 19620 --- [catalogue-service] [beatExecutor-%d] o.s.web.client.RestTemplate              : HTTP PUT http://localhost:8761/eureka/apps/CATALOGUE-SERVICE/192.168.189.1:catalogue-service:8084?status=UP&lastDirtyTimestamp=1760888940362
2025-10-19T18:02:15.588+01:00 DEBUG 19620 --- [catalogue-service] [beatExecutor-%d] o.s.web.client.RestTemplate              : Accept=[application/json, application/*+json]
2025-10-19T18:02:15.592+01:00 DEBUG 19620 --- [catalogue-service] [beatExecutor-%d] o.s.web.client.RestTemplate              : Response 200 OK
2025-10-19T18:02:15.698+01:00 DEBUG 19620 --- [catalogue-service] [reshExecutor-%d] o.s.web.client.RestTemplate              : HTTP GET http://localhost:8761/eureka/apps/delta
2025-10-19T18:02:15.698+01:00 DEBUG 19620 --- [catalogue-service] [reshExecutor-%d] o.s.web.client.RestTemplate              : Accept=[application/json, application/*+json]
2025-10-19T18:02:15.702+01:00 DEBUG 19620 --- [catalogue-service] [reshExecutor-%d] o.s.web.client.RestTemplate              : Response 200 OK
2025-10-19T18:02:15.703+01:00 DEBUG 19620 --- [catalogue-service] [reshExecutor-%d] o.s.web.client.RestTemplate              : Reading to [org.springframework.cloud.netflix.eureka.http.EurekaApplications]
2025-10-19T18:02:45.593+01:00 DEBUG 19620 --- [catalogue-service] [beatExecutor-%d] o.s.web.client.RestTemplate              : HTTP PUT http://localhost:8761/eureka/apps/CATALOGUE-SERVICE/192.168.189.1:catalogue-service:8084?status=UP&lastDirtyTimestamp=1760888940362
2025-10-19T18:02:45.593+01:00 DEBUG 19620 --- [catalogue-service] [beatExecutor-%d] o.s.web.client.RestTemplate              : Accept=[application/json, application/*+json]
2025-10-19T18:02:45.596+01:00 DEBUG 19620 --- [catalogue-service] [beatExecutor-%d] o.s.web.client.RestTemplate              : Response 200 OK
2025-10-19T18:02:45.705+01:00 DEBUG 19620 --- [catalogue-service] [reshExecutor-%d] o.s.web.client.RestTemplate              : HTTP GET http://localhost:8761/eureka/apps/delta
2025-10-19T18:02:45.705+01:00 DEBUG 19620 --- [catalogue-service] [reshExecutor-%d] o.s.web.client.RestTemplate              : Accept=[application/json, application/*+json]
2025-10-19T18:02:45.709+01:00 DEBUG 19620 --- [catalogue-service] [reshExecutor-%d] o.s.web.client.RestTemplate              : Response 200 OK
2025-10-19T18:02:45.709+01:00 DEBUG 19620 --- [catalogue-service] [reshExecutor-%d] o.s.web.client.RestTemplate              : Reading to [org.springframework.cloud.netflix.eureka.http.EurekaApplications]
2025-10-19T18:03:15.598+01:00 DEBUG 19620 --- [catalogue-service] [beatExecutor-%d] o.s.web.client.RestTemplate              : HTTP PUT http://localhost:8761/eureka/apps/CATALOGUE-SERVICE/192.168.189.1:catalogue-service:8084?status=UP&lastDirtyTimestamp=1760888940362
2025-10-19T18:03:15.598+01:00 DEBUG 19620 --- [catalogue-service] [beatExecutor-%d] o.s.web.client.RestTemplate              : Accept=[application/json, application/*+json]
2025-10-19T18:03:15.601+01:00 DEBUG 19620 --- [catalogue-service] [beatExecutor-%d] o.s.web.client.RestTemplate              : Response 200 OK
2025-10-19T18:03:15.711+01:00 DEBUG 19620 --- [catalogue-service] [reshExecutor-%d] o.s.web.client.RestTemplate              : HTTP GET http://localhost:8761/eureka/apps/delta
2025-10-19T18:03:15.712+01:00 DEBUG 19620 --- [catalogue-service] [reshExecutor-%d] o.s.web.client.RestTemplate              : Accept=[application/json, application/*+json]
2025-10-19T18:03:15.716+01:00 DEBUG 19620 --- [catalogue-service] [reshExecutor-%d] o.s.web.client.RestTemplate              : Response 200 OK
2025-10-19T18:03:15.716+01:00 DEBUG 19620 --- [catalogue-service] [reshExecutor-%d] o.s.web.client.RestTemplate              : Reading to [org.springframework.cloud.netflix.eureka.http.EurekaApplications]
2025-10-19T18:03:41.778+01:00  INFO 19620 --- [catalogue-service] [rap-executor-%d] c.n.d.s.r.aws.ConfigClusterResolver      : Resolving eureka endpoints via configuration
2025-10-19T18:03:45.602+01:00 DEBUG 19620 --- [catalogue-service] [beatExecutor-%d] o.s.web.client.RestTemplate              : HTTP PUT http://localhost:8761/eureka/apps/CATALOGUE-SERVICE/192.168.189.1:catalogue-service:8084?status=UP&lastDirtyTimestamp=1760888940362
2025-10-19T18:03:45.603+01:00 DEBUG 19620 --- [catalogue-service] [beatExecutor-%d] o.s.web.client.RestTemplate              : Accept=[application/json, application/*+json]
2025-10-19T18:03:45.607+01:00 DEBUG 19620 --- [catalogue-service] [beatExecutor-%d] o.s.web.client.RestTemplate              : Response 200 OK
2025-10-19T18:03:45.718+01:00 DEBUG 19620 --- [catalogue-service] [reshExecutor-%d] o.s.web.client.RestTemplate              : HTTP GET http://localhost:8761/eureka/apps/delta
2025-10-19T18:03:45.719+01:00 DEBUG 19620 --- [catalogue-service] [reshExecutor-%d] o.s.web.client.RestTemplate              : Accept=[application/json, application/*+json]
2025-10-19T18:03:45.722+01:00 DEBUG 19620 --- [catalogue-service] [reshExecutor-%d] o.s.web.client.RestTemplate              : Response 200 OK
2025-10-19T18:03:45.723+01:00 DEBUG 19620 --- [catalogue-service] [reshExecutor-%d] o.s.web.client.RestTemplate              : Reading to [org.springframework.cloud.netflix.eureka.http.EurekaApplications]
2025-10-19T18:04:15.608+01:00 DEBUG 19620 --- [catalogue-service] [beatExecutor-%d] o.s.web.client.RestTemplate              : HTTP PUT http://localhost:8761/eureka/apps/CATALOGUE-SERVICE/192.168.189.1:catalogue-service:8084?status=UP&lastDirtyTimestamp=1760888940362
2025-10-19T18:04:15.608+01:00 DEBUG 19620 --- [catalogue-service] [beatExecutor-%d] o.s.web.client.RestTemplate              : Accept=[application/json, application/*+json]
2025-10-19T18:04:15.613+01:00 DEBUG 19620 --- [catalogue-service] [beatExecutor-%d] o.s.web.client.RestTemplate              : Response 200 OK
2025-10-19T18:04:15.724+01:00 DEBUG 19620 --- [catalogue-service] [reshExecutor-%d] o.s.web.client.RestTemplate              : HTTP GET http://localhost:8761/eureka/apps/delta
2025-10-19T18:04:15.725+01:00 DEBUG 19620 --- [catalogue-service] [reshExecutor-%d] o.s.web.client.RestTemplate              : Accept=[application/json, application/*+json]
2025-10-19T18:04:15.729+01:00 DEBUG 19620 --- [catalogue-service] [reshExecutor-%d] o.s.web.client.RestTemplate              : Response 200 OK
2025-10-19T18:04:15.729+01:00 DEBUG 19620 --- [catalogue-service] [reshExecutor-%d] o.s.web.client.RestTemplate              : Reading to [org.springframework.cloud.netflix.eureka.http.EurekaApplications]
2025-10-19T18:04:45.614+01:00 DEBUG 19620 --- [catalogue-service] [beatExecutor-%d] o.s.web.client.RestTemplate              : HTTP PUT http://localhost:8761/eureka/apps/CATALOGUE-SERVICE/192.168.189.1:catalogue-service:8084?status=UP&lastDirtyTimestamp=1760888940362
2025-10-19T18:04:45.615+01:00 DEBUG 19620 --- [catalogue-service] [beatExecutor-%d] o.s.web.client.RestTemplate              : Accept=[application/json, application/*+json]
2025-10-19T18:04:45.619+01:00 DEBUG 19620 --- [catalogue-service] [beatExecutor-%d] o.s.web.client.RestTemplate              : Response 200 OK
2025-10-19T18:04:45.734+01:00 DEBUG 19620 --- [catalogue-service] [reshExecutor-%d] o.s.web.client.RestTemplate              : HTTP GET http://localhost:8761/eureka/apps/delta
2025-10-19T18:04:45.735+01:00 DEBUG 19620 --- [catalogue-service] [reshExecutor-%d] o.s.web.client.RestTemplate              : Accept=[application/json, application/*+json]
2025-10-19T18:04:45.739+01:00 DEBUG 19620 --- [catalogue-service] [reshExecutor-%d] o.s.web.client.RestTemplate              : Response 200 OK
2025-10-19T18:04:45.739+01:00 DEBUG 19620 --- [catalogue-service] [reshExecutor-%d] o.s.web.client.RestTemplate              : Reading to [org.springframework.cloud.netflix.eureka.http.EurekaApplications]
2025-10-19T18:05:15.620+01:00 DEBUG 19620 --- [catalogue-service] [beatExecutor-%d] o.s.web.client.RestTemplate              : HTTP PUT http://localhost:8761/eureka/apps/CATALOGUE-SERVICE/192.168.189.1:catalogue-service:8084?status=UP&lastDirtyTimestamp=1760888940362
2025-10-19T18:05:15.621+01:00 DEBUG 19620 --- [catalogue-service] [beatExecutor-%d] o.s.web.client.RestTemplate              : Accept=[application/json, application/*+json]
2025-10-19T18:05:15.625+01:00 DEBUG 19620 --- [catalogue-service] [beatExecutor-%d] o.s.web.client.RestTemplate              : Response 200 OK
2025-10-19T18:05:15.743+01:00 DEBUG 19620 --- [catalogue-service] [reshExecutor-%d] o.s.web.client.RestTemplate              : HTTP GET http://localhost:8761/eureka/apps/delta
2025-10-19T18:05:15.744+01:00 DEBUG 19620 --- [catalogue-service] [reshExecutor-%d] o.s.web.client.RestTemplate              : Accept=[application/json, application/*+json]
2025-10-19T18:05:15.747+01:00 DEBUG 19620 --- [catalogue-service] [reshExecutor-%d] o.s.web.client.RestTemplate              : Response 200 OK
2025-10-19T18:05:15.748+01:00 DEBUG 19620 --- [catalogue-service] [reshExecutor-%d] o.s.web.client.RestTemplate              : Reading to [org.springframework.cloud.netflix.eureka.http.EurekaApplications]
