[[1;34mINFO[m] Scanning for projects...
[[1;34mINFO[m] 
[[1;34mINFO[m] [1m-----------------------< [0;36mtn.iteam:kafka-service[0;1m >-----------------------[m
[[1;34mINFO[m] [1mBuilding kafka-service 0.0.1-SNAPSHOT[m
[[1;34mINFO[m] [1m--------------------------------[ jar ]---------------------------------[m
[[1;34mINFO[m] 
[[1;34mINFO[m] [1m>>> [0;32mspring-boot-maven-plugin:3.3.5:run[m [1m(default-cli)[0;1m > [0;1mtest-compile[m @ [36mkafka-service[0;1m >>>[m
[[1;34mINFO[m] 
[[1;34mINFO[m] [1m--- [0;32mmaven-resources-plugin:3.3.1:resources[m [1m(default-resources)[m @ [36mkafka-service[0;1m ---[m
[[1;34mINFO[m] Copying 3 resources from src/main/resources to target/classes
[[1;34mINFO[m] Copying 0 resource from src/main/resources to target/classes
[[1;34mINFO[m] 
[[1;34mINFO[m] [1m--- [0;32mmaven-compiler-plugin:3.13.0:compile[m [1m(default-compile)[m @ [36mkafka-service[0;1m ---[m
[[1;34mINFO[m] Nothing to compile - all classes are up to date.
[[1;34mINFO[m] 
[[1;34mINFO[m] [1m--- [0;32mmaven-resources-plugin:3.3.1:testResources[m [1m(default-testResources)[m @ [36mkafka-service[0;1m ---[m
[[1;34mINFO[m] skip non existing resourceDirectory /home/imed/Documents/e-commerce-ms/kafka-service/src/test/resources
[[1;34mINFO[m] 
[[1;34mINFO[m] [1m--- [0;32mmaven-compiler-plugin:3.13.0:testCompile[m [1m(default-testCompile)[m @ [36mkafka-service[0;1m ---[m
[[1;34mINFO[m] Nothing to compile - all classes are up to date.
[[1;34mINFO[m] 
[[1;34mINFO[m] [1m<<< [0;32mspring-boot-maven-plugin:3.3.5:run[m [1m(default-cli)[0;1m < [0;1mtest-compile[m @ [36mkafka-service[0;1m <<<[m
[[1;34mINFO[m] 
[[1;34mINFO[m] 
[[1;34mINFO[m] [1m--- [0;32mspring-boot-maven-plugin:3.3.5:run[m [1m(default-cli)[m @ [36mkafka-service[0;1m ---[m
[[1;34mINFO[m] Attaching agents: []

  .   ____          _            __ _ _
 /\\ / ___'_ __ _ _(_)_ __  __ _ \ \ \ \
( ( )\___ | '_ | '_| | '_ \/ _` | \ \ \ \
 \\/  ___)| |_)| | | | | || (_| |  ) ) ) )
  '  |____| .__|_| |_|_| |_\__, | / / / /
 =========|_|==============|___/=/_/_/_/

 :: Spring Boot ::                (v3.3.5)

2025-10-19T16:48:29.983+01:00  INFO 19790 --- [kafka-service] [           main] t.i.k.KafkaServiceApplication            : Starting KafkaServiceApplication using Java 17.0.16 with PID 19790 (/home/imed/Documents/e-commerce-ms/kafka-service/target/classes started by imed in /home/imed/Documents/e-commerce-ms/kafka-service)
2025-10-19T16:48:29.986+01:00  INFO 19790 --- [kafka-service] [           main] t.i.k.KafkaServiceApplication            : The following 1 profile is active: "local"
2025-10-19T16:48:31.187+01:00  INFO 19790 --- [kafka-service] [           main] o.s.cloud.context.scope.GenericScope     : BeanFactory id=872a0675-2980-34fd-a360-e8f0445d1796
2025-10-19T16:48:31.244+01:00  WARN 19790 --- [kafka-service] [           main] trationDelegate$BeanPostProcessorChecker : Bean 'org.springframework.cloud.client.loadbalancer.LoadBalancerAutoConfiguration$DeferringLoadBalancerInterceptorConfig' of type [org.springframework.cloud.client.loadbalancer.LoadBalancerAutoConfiguration$DeferringLoadBalancerInterceptorConfig] is not eligible for getting processed by all BeanPostProcessors (for example: not eligible for auto-proxying). The currently created BeanPostProcessor [lbRestClientPostProcessor] is declared through a non-static factory method on that class; consider declaring it as static instead.
2025-10-19T16:48:31.247+01:00  WARN 19790 --- [kafka-service] [           main] trationDelegate$BeanPostProcessorChecker : Bean 'deferringLoadBalancerInterceptor' of type [org.springframework.cloud.client.loadbalancer.DeferringLoadBalancerInterceptor] is not eligible for getting processed by all BeanPostProcessors (for example: not eligible for auto-proxying). Is this bean getting eagerly injected/applied to a currently created BeanPostProcessor [lbRestClientPostProcessor]? Check the corresponding BeanPostProcessor declaration and its dependencies/advisors. If this bean does not have to be post-processed, declare it with ROLE_INFRASTRUCTURE.
2025-10-19T16:48:31.499+01:00  INFO 19790 --- [kafka-service] [           main] o.s.b.w.embedded.tomcat.TomcatWebServer  : Tomcat initialized with port 8087 (http)
2025-10-19T16:48:31.513+01:00  INFO 19790 --- [kafka-service] [           main] o.apache.catalina.core.StandardService   : Starting service [Tomcat]
2025-10-19T16:48:31.514+01:00  INFO 19790 --- [kafka-service] [           main] o.apache.catalina.core.StandardEngine    : Starting Servlet engine: [Apache Tomcat/10.1.31]
2025-10-19T16:48:31.574+01:00  INFO 19790 --- [kafka-service] [           main] o.a.c.c.C.[Tomcat].[localhost].[/]       : Initializing Spring embedded WebApplicationContext
2025-10-19T16:48:31.576+01:00  INFO 19790 --- [kafka-service] [           main] w.s.c.ServletWebServerApplicationContext : Root WebApplicationContext: initialization completed in 1525 ms
2025-10-19T16:48:32.634+01:00 DEBUG 19790 --- [kafka-service] [           main] s.w.s.m.m.a.RequestMappingHandlerMapping : 3 mappings in 'requestMappingHandlerMapping'
2025-10-19T16:48:32.822+01:00 DEBUG 19790 --- [kafka-service] [           main] o.s.w.s.handler.SimpleUrlHandlerMapping  : Patterns [/webjars/**, /**] in 'resourceHandlerMapping'
2025-10-19T16:48:33.122+01:00 DEBUG 19790 --- [kafka-service] [           main] s.w.s.m.m.a.RequestMappingHandlerAdapter : ControllerAdvice beans: 0 @ModelAttribute, 0 @InitBinder, 1 RequestBodyAdvice, 1 ResponseBodyAdvice
2025-10-19T16:48:33.265+01:00 DEBUG 19790 --- [kafka-service] [           main] .m.m.a.ExceptionHandlerExceptionResolver : ControllerAdvice beans: 0 @ExceptionHandler, 1 ResponseBodyAdvice
2025-10-19T16:48:35.435+01:00  INFO 19790 --- [kafka-service] [           main] DiscoveryClientOptionalArgsConfiguration : Eureka HTTP Client uses RestTemplate.
2025-10-19T16:48:35.746+01:00  WARN 19790 --- [kafka-service] [           main] iguration$LoadBalancerCaffeineWarnLogger : Spring Cloud LoadBalancer is currently working with the default cache. While this cache implementation is useful for development and tests, it's recommended to use Caffeine cache in production.You can switch to using Caffeine cache, by adding it and org.springframework.cache.caffeine.CaffeineCacheManager to the classpath.
2025-10-19T16:48:37.190+01:00  INFO 19790 --- [kafka-service] [           main] o.a.k.clients.admin.AdminClientConfig    : AdminClientConfig values: 
	auto.include.jmx.reporter = true
	bootstrap.controllers = []
	bootstrap.servers = [localhost:9092]
	client.dns.lookup = use_all_dns_ips
	client.id = kafka-service-admin-0
	connections.max.idle.ms = 300000
	default.api.timeout.ms = 60000
	enable.metrics.push = true
	metadata.max.age.ms = 300000
	metric.reporters = []
	metrics.num.samples = 2
	metrics.recording.level = INFO
	metrics.sample.window.ms = 30000
	receive.buffer.bytes = 65536
	reconnect.backoff.max.ms = 1000
	reconnect.backoff.ms = 50
	request.timeout.ms = 30000
	retries = 2147483647
	retry.backoff.max.ms = 1000
	retry.backoff.ms = 100
	sasl.client.callback.handler.class = null
	sasl.jaas.config = null
	sasl.kerberos.kinit.cmd = /usr/bin/kinit
	sasl.kerberos.min.time.before.relogin = 60000
	sasl.kerberos.service.name = null
	sasl.kerberos.ticket.renew.jitter = 0.05
	sasl.kerberos.ticket.renew.window.factor = 0.8
	sasl.login.callback.handler.class = null
	sasl.login.class = null
	sasl.login.connect.timeout.ms = null
	sasl.login.read.timeout.ms = null
	sasl.login.refresh.buffer.seconds = 300
	sasl.login.refresh.min.period.seconds = 60
	sasl.login.refresh.window.factor = 0.8
	sasl.login.refresh.window.jitter = 0.05
	sasl.login.retry.backoff.max.ms = 10000
	sasl.login.retry.backoff.ms = 100
	sasl.mechanism = GSSAPI
	sasl.oauthbearer.clock.skew.seconds = 30
	sasl.oauthbearer.expected.audience = null
	sasl.oauthbearer.expected.issuer = null
	sasl.oauthbearer.jwks.endpoint.refresh.ms = 3600000
	sasl.oauthbearer.jwks.endpoint.retry.backoff.max.ms = 10000
	sasl.oauthbearer.jwks.endpoint.retry.backoff.ms = 100
	sasl.oauthbearer.jwks.endpoint.url = null
	sasl.oauthbearer.scope.claim.name = scope
	sasl.oauthbearer.sub.claim.name = sub
	sasl.oauthbearer.token.endpoint.url = null
	security.protocol = PLAINTEXT
	security.providers = null
	send.buffer.bytes = 131072
	socket.connection.setup.timeout.max.ms = 30000
	socket.connection.setup.timeout.ms = 10000
	ssl.cipher.suites = null
	ssl.enabled.protocols = [TLSv1.2, TLSv1.3]
	ssl.endpoint.identification.algorithm = https
	ssl.engine.factory.class = null
	ssl.key.password = null
	ssl.keymanager.algorithm = SunX509
	ssl.keystore.certificate.chain = null
	ssl.keystore.key = null
	ssl.keystore.location = null
	ssl.keystore.password = null
	ssl.keystore.type = JKS
	ssl.protocol = TLSv1.3
	ssl.provider = null
	ssl.secure.random.implementation = null
	ssl.trustmanager.algorithm = PKIX
	ssl.truststore.certificates = null
	ssl.truststore.location = null
	ssl.truststore.password = null
	ssl.truststore.type = JKS

2025-10-19T16:48:37.774+01:00  INFO 19790 --- [kafka-service] [           main] o.a.k.clients.admin.AdminClientConfig    : These configurations '[auto.create.topics.enable]' were supplied but are not used yet.
2025-10-19T16:48:37.778+01:00  INFO 19790 --- [kafka-service] [           main] o.a.kafka.common.utils.AppInfoParser     : Kafka version: 3.7.1
2025-10-19T16:48:37.779+01:00  INFO 19790 --- [kafka-service] [           main] o.a.kafka.common.utils.AppInfoParser     : Kafka commitId: e2494e6ffb89f828
2025-10-19T16:48:37.779+01:00  INFO 19790 --- [kafka-service] [           main] o.a.kafka.common.utils.AppInfoParser     : Kafka startTimeMs: 1760888917776
2025-10-19T16:48:42.500+01:00  INFO 19790 --- [kafka-service] [service-admin-0] o.a.kafka.common.utils.AppInfoParser     : App info kafka.admin.client for kafka-service-admin-0 unregistered
2025-10-19T16:48:42.505+01:00  INFO 19790 --- [kafka-service] [service-admin-0] o.apache.kafka.common.metrics.Metrics    : Metrics scheduler closed
2025-10-19T16:48:42.506+01:00  INFO 19790 --- [kafka-service] [service-admin-0] o.apache.kafka.common.metrics.Metrics    : Closing reporter org.apache.kafka.common.metrics.JmxReporter
2025-10-19T16:48:42.506+01:00  INFO 19790 --- [kafka-service] [service-admin-0] o.apache.kafka.common.metrics.Metrics    : Metrics reporters closed
2025-10-19T16:48:42.524+01:00  INFO 19790 --- [kafka-service] [           main] o.s.c.n.eureka.InstanceInfoFactory       : Setting initial instance status as: STARTING
2025-10-19T16:48:42.763+01:00  INFO 19790 --- [kafka-service] [           main] com.netflix.discovery.DiscoveryClient    : Initializing Eureka in region us-east-1
2025-10-19T16:48:42.770+01:00  INFO 19790 --- [kafka-service] [           main] c.n.d.s.r.aws.ConfigClusterResolver      : Resolving eureka endpoints via configuration
2025-10-19T16:48:42.803+01:00  INFO 19790 --- [kafka-service] [           main] com.netflix.discovery.DiscoveryClient    : Disable delta property : false
2025-10-19T16:48:42.804+01:00  INFO 19790 --- [kafka-service] [           main] com.netflix.discovery.DiscoveryClient    : Single vip registry refresh property : null
2025-10-19T16:48:42.804+01:00  INFO 19790 --- [kafka-service] [           main] com.netflix.discovery.DiscoveryClient    : Force full registry fetch : false
2025-10-19T16:48:42.804+01:00  INFO 19790 --- [kafka-service] [           main] com.netflix.discovery.DiscoveryClient    : Application is null : false
2025-10-19T16:48:42.804+01:00  INFO 19790 --- [kafka-service] [           main] com.netflix.discovery.DiscoveryClient    : Registered Applications size is zero : true
2025-10-19T16:48:42.804+01:00  INFO 19790 --- [kafka-service] [           main] com.netflix.discovery.DiscoveryClient    : Application version is -1: true
2025-10-19T16:48:42.804+01:00  INFO 19790 --- [kafka-service] [           main] com.netflix.discovery.DiscoveryClient    : Getting all instance registry info from the eureka server
2025-10-19T16:48:43.663+01:00 DEBUG 19790 --- [kafka-service] [           main] o.s.web.client.RestTemplate              : HTTP GET http://localhost:8761/eureka/apps/
2025-10-19T16:48:43.877+01:00 DEBUG 19790 --- [kafka-service] [           main] o.s.web.client.RestTemplate              : Accept=[application/json, application/*+json]
2025-10-19T16:48:43.947+01:00 DEBUG 19790 --- [kafka-service] [           main] o.s.web.client.RestTemplate              : Response 200 OK
2025-10-19T16:48:43.949+01:00 DEBUG 19790 --- [kafka-service] [           main] o.s.web.client.RestTemplate              : Reading to [org.springframework.cloud.netflix.eureka.http.EurekaApplications]
2025-10-19T16:48:44.180+01:00  INFO 19790 --- [kafka-service] [           main] com.netflix.discovery.DiscoveryClient    : The response status is 200
2025-10-19T16:48:44.183+01:00  INFO 19790 --- [kafka-service] [           main] com.netflix.discovery.DiscoveryClient    : Starting heartbeat executor: renew interval is: 30
2025-10-19T16:48:44.284+01:00  INFO 19790 --- [kafka-service] [           main] c.n.discovery.InstanceInfoReplicator     : InstanceInfoReplicator onDemand update allowed rate per min is 4
2025-10-19T16:48:44.303+01:00  INFO 19790 --- [kafka-service] [           main] com.netflix.discovery.DiscoveryClient    : Discovery Client initialized at timestamp 1760888924301 with initial instances count: 1
2025-10-19T16:48:44.308+01:00  INFO 19790 --- [kafka-service] [           main] o.s.c.n.e.s.EurekaServiceRegistry        : Registering application KAFKA-SERVICE with eureka with status UP
2025-10-19T16:48:44.310+01:00  INFO 19790 --- [kafka-service] [           main] com.netflix.discovery.DiscoveryClient    : Saw local status change event StatusChangeEvent [timestamp=1760888924310, current=UP, previous=STARTING]
2025-10-19T16:48:44.311+01:00  INFO 19790 --- [kafka-service] [foReplicator-%d] com.netflix.discovery.DiscoveryClient    : DiscoveryClient_KAFKA-SERVICE/192.168.189.1:kafka-service:8087: registering service...
2025-10-19T16:48:44.315+01:00 DEBUG 19790 --- [kafka-service] [foReplicator-%d] o.s.web.client.RestTemplate              : HTTP POST http://localhost:8761/eureka/apps/KAFKA-SERVICE
2025-10-19T16:48:44.317+01:00 DEBUG 19790 --- [kafka-service] [foReplicator-%d] o.s.web.client.RestTemplate              : Accept=[application/json, application/*+json]
2025-10-19T16:48:44.332+01:00 DEBUG 19790 --- [kafka-service] [foReplicator-%d] o.s.web.client.RestTemplate              : Writing [InstanceInfo [instanceId = 192.168.189.1:kafka-service:8087, appName = KAFKA-SERVICE, hostName = 192.168.189.1, status = UP, ipAddr = 192.168.189.1, port = 8087, securePort = 443, dataCenterInfo = com.netflix.appinfo.MyDataCenterInfo@f30ec5f] as "application/json"
2025-10-19T16:48:44.358+01:00 DEBUG 19790 --- [kafka-service] [foReplicator-%d] o.s.web.client.RestTemplate              : Response 204 NO_CONTENT
2025-10-19T16:48:44.359+01:00  INFO 19790 --- [kafka-service] [foReplicator-%d] com.netflix.discovery.DiscoveryClient    : DiscoveryClient_KAFKA-SERVICE/192.168.189.1:kafka-service:8087 - registration status: 204
2025-10-19T16:48:44.472+01:00  INFO 19790 --- [kafka-service] [           main] o.s.b.w.embedded.tomcat.TomcatWebServer  : Tomcat started on port 8087 (http) with context path '/'
2025-10-19T16:48:44.512+01:00  INFO 19790 --- [kafka-service] [           main] .s.c.n.e.s.EurekaAutoServiceRegistration : Updating port to 8087
2025-10-19T16:48:44.532+01:00  INFO 19790 --- [kafka-service] [           main] t.i.k.KafkaServiceApplication            : Started KafkaServiceApplication in 15.469 seconds (process running for 16.875)
2025-10-19T16:49:14.184+01:00 DEBUG 19790 --- [kafka-service] [reshExecutor-%d] o.s.web.client.RestTemplate              : HTTP GET http://localhost:8761/eureka/apps/delta
2025-10-19T16:49:14.185+01:00 DEBUG 19790 --- [kafka-service] [reshExecutor-%d] o.s.web.client.RestTemplate              : Accept=[application/json, application/*+json]
2025-10-19T16:49:14.187+01:00 DEBUG 19790 --- [kafka-service] [beatExecutor-%d] o.s.web.client.RestTemplate              : HTTP PUT http://localhost:8761/eureka/apps/KAFKA-SERVICE/192.168.189.1:kafka-service:8087?status=UP&lastDirtyTimestamp=1760888924309
2025-10-19T16:49:14.201+01:00 DEBUG 19790 --- [kafka-service] [beatExecutor-%d] o.s.web.client.RestTemplate              : Accept=[application/json, application/*+json]
2025-10-19T16:49:14.204+01:00 DEBUG 19790 --- [kafka-service] [reshExecutor-%d] o.s.web.client.RestTemplate              : Response 200 OK
2025-10-19T16:49:14.204+01:00 DEBUG 19790 --- [kafka-service] [reshExecutor-%d] o.s.web.client.RestTemplate              : Reading to [org.springframework.cloud.netflix.eureka.http.EurekaApplications]
2025-10-19T16:49:14.209+01:00 DEBUG 19790 --- [kafka-service] [beatExecutor-%d] o.s.web.client.RestTemplate              : Response 200 OK
2025-10-19T16:49:44.210+01:00 DEBUG 19790 --- [kafka-service] [reshExecutor-%d] o.s.web.client.RestTemplate              : HTTP GET http://localhost:8761/eureka/apps/delta
2025-10-19T16:49:44.211+01:00 DEBUG 19790 --- [kafka-service] [beatExecutor-%d] o.s.web.client.RestTemplate              : HTTP PUT http://localhost:8761/eureka/apps/KAFKA-SERVICE/192.168.189.1:kafka-service:8087?status=UP&lastDirtyTimestamp=1760888924309
2025-10-19T16:49:44.211+01:00 DEBUG 19790 --- [kafka-service] [reshExecutor-%d] o.s.web.client.RestTemplate              : Accept=[application/json, application/*+json]
2025-10-19T16:49:44.211+01:00 DEBUG 19790 --- [kafka-service] [beatExecutor-%d] o.s.web.client.RestTemplate              : Accept=[application/json, application/*+json]
2025-10-19T16:49:44.220+01:00 DEBUG 19790 --- [kafka-service] [beatExecutor-%d] o.s.web.client.RestTemplate              : Response 200 OK
2025-10-19T16:49:44.220+01:00 DEBUG 19790 --- [kafka-service] [reshExecutor-%d] o.s.web.client.RestTemplate              : Response 200 OK
2025-10-19T16:49:44.220+01:00 DEBUG 19790 --- [kafka-service] [reshExecutor-%d] o.s.web.client.RestTemplate              : Reading to [org.springframework.cloud.netflix.eureka.http.EurekaApplications]
2025-10-19T16:50:14.221+01:00 DEBUG 19790 --- [kafka-service] [beatExecutor-%d] o.s.web.client.RestTemplate              : HTTP PUT http://localhost:8761/eureka/apps/KAFKA-SERVICE/192.168.189.1:kafka-service:8087?status=UP&lastDirtyTimestamp=1760888924309
2025-10-19T16:50:14.221+01:00 DEBUG 19790 --- [kafka-service] [beatExecutor-%d] o.s.web.client.RestTemplate              : Accept=[application/json, application/*+json]
2025-10-19T16:50:14.227+01:00 DEBUG 19790 --- [kafka-service] [reshExecutor-%d] o.s.web.client.RestTemplate              : HTTP GET http://localhost:8761/eureka/apps/delta
2025-10-19T16:50:14.228+01:00 DEBUG 19790 --- [kafka-service] [beatExecutor-%d] o.s.web.client.RestTemplate              : Response 200 OK
2025-10-19T16:50:14.228+01:00 DEBUG 19790 --- [kafka-service] [reshExecutor-%d] o.s.web.client.RestTemplate              : Accept=[application/json, application/*+json]
2025-10-19T16:50:14.235+01:00 DEBUG 19790 --- [kafka-service] [reshExecutor-%d] o.s.web.client.RestTemplate              : Response 200 OK
2025-10-19T16:50:14.235+01:00 DEBUG 19790 --- [kafka-service] [reshExecutor-%d] o.s.web.client.RestTemplate              : Reading to [org.springframework.cloud.netflix.eureka.http.EurekaApplications]
2025-10-19T16:50:44.229+01:00 DEBUG 19790 --- [kafka-service] [beatExecutor-%d] o.s.web.client.RestTemplate              : HTTP PUT http://localhost:8761/eureka/apps/KAFKA-SERVICE/192.168.189.1:kafka-service:8087?status=UP&lastDirtyTimestamp=1760888924309
2025-10-19T16:50:44.230+01:00 DEBUG 19790 --- [kafka-service] [beatExecutor-%d] o.s.web.client.RestTemplate              : Accept=[application/json, application/*+json]
2025-10-19T16:50:44.236+01:00 DEBUG 19790 --- [kafka-service] [beatExecutor-%d] o.s.web.client.RestTemplate              : Response 200 OK
2025-10-19T16:50:44.240+01:00 DEBUG 19790 --- [kafka-service] [reshExecutor-%d] o.s.web.client.RestTemplate              : HTTP GET http://localhost:8761/eureka/apps/delta
2025-10-19T16:50:44.241+01:00 DEBUG 19790 --- [kafka-service] [reshExecutor-%d] o.s.web.client.RestTemplate              : Accept=[application/json, application/*+json]
2025-10-19T16:50:44.248+01:00 DEBUG 19790 --- [kafka-service] [reshExecutor-%d] o.s.web.client.RestTemplate              : Response 200 OK
2025-10-19T16:50:44.249+01:00 DEBUG 19790 --- [kafka-service] [reshExecutor-%d] o.s.web.client.RestTemplate              : Reading to [org.springframework.cloud.netflix.eureka.http.EurekaApplications]
2025-10-19T16:51:14.237+01:00 DEBUG 19790 --- [kafka-service] [beatExecutor-%d] o.s.web.client.RestTemplate              : HTTP PUT http://localhost:8761/eureka/apps/KAFKA-SERVICE/192.168.189.1:kafka-service:8087?status=UP&lastDirtyTimestamp=1760888924309
2025-10-19T16:51:14.238+01:00 DEBUG 19790 --- [kafka-service] [beatExecutor-%d] o.s.web.client.RestTemplate              : Accept=[application/json, application/*+json]
2025-10-19T16:51:14.247+01:00 DEBUG 19790 --- [kafka-service] [beatExecutor-%d] o.s.web.client.RestTemplate              : Response 200 OK
2025-10-19T16:51:14.253+01:00 DEBUG 19790 --- [kafka-service] [reshExecutor-%d] o.s.web.client.RestTemplate              : HTTP GET http://localhost:8761/eureka/apps/delta
2025-10-19T16:51:14.254+01:00 DEBUG 19790 --- [kafka-service] [reshExecutor-%d] o.s.web.client.RestTemplate              : Accept=[application/json, application/*+json]
2025-10-19T16:51:14.260+01:00 DEBUG 19790 --- [kafka-service] [reshExecutor-%d] o.s.web.client.RestTemplate              : Response 200 OK
2025-10-19T16:51:14.261+01:00 DEBUG 19790 --- [kafka-service] [reshExecutor-%d] o.s.web.client.RestTemplate              : Reading to [org.springframework.cloud.netflix.eureka.http.EurekaApplications]
2025-10-19T16:51:44.248+01:00 DEBUG 19790 --- [kafka-service] [beatExecutor-%d] o.s.web.client.RestTemplate              : HTTP PUT http://localhost:8761/eureka/apps/KAFKA-SERVICE/192.168.189.1:kafka-service:8087?status=UP&lastDirtyTimestamp=1760888924309
2025-10-19T16:51:44.248+01:00 DEBUG 19790 --- [kafka-service] [beatExecutor-%d] o.s.web.client.RestTemplate              : Accept=[application/json, application/*+json]
2025-10-19T16:51:44.254+01:00 DEBUG 19790 --- [kafka-service] [beatExecutor-%d] o.s.web.client.RestTemplate              : Response 200 OK
2025-10-19T16:51:44.264+01:00 DEBUG 19790 --- [kafka-service] [reshExecutor-%d] o.s.web.client.RestTemplate              : HTTP GET http://localhost:8761/eureka/apps/delta
2025-10-19T16:51:44.264+01:00 DEBUG 19790 --- [kafka-service] [reshExecutor-%d] o.s.web.client.RestTemplate              : Accept=[application/json, application/*+json]
2025-10-19T16:51:44.271+01:00 DEBUG 19790 --- [kafka-service] [reshExecutor-%d] o.s.web.client.RestTemplate              : Response 200 OK
2025-10-19T16:51:44.271+01:00 DEBUG 19790 --- [kafka-service] [reshExecutor-%d] o.s.web.client.RestTemplate              : Reading to [org.springframework.cloud.netflix.eureka.http.EurekaApplications]
2025-10-19T16:52:14.256+01:00 DEBUG 19790 --- [kafka-service] [beatExecutor-%d] o.s.web.client.RestTemplate              : HTTP PUT http://localhost:8761/eureka/apps/KAFKA-SERVICE/192.168.189.1:kafka-service:8087?status=UP&lastDirtyTimestamp=1760888924309
2025-10-19T16:52:14.257+01:00 DEBUG 19790 --- [kafka-service] [beatExecutor-%d] o.s.web.client.RestTemplate              : Accept=[application/json, application/*+json]
2025-10-19T16:52:14.264+01:00 DEBUG 19790 --- [kafka-service] [beatExecutor-%d] o.s.web.client.RestTemplate              : Response 200 OK
2025-10-19T16:52:14.276+01:00 DEBUG 19790 --- [kafka-service] [reshExecutor-%d] o.s.web.client.RestTemplate              : HTTP GET http://localhost:8761/eureka/apps/delta
2025-10-19T16:52:14.277+01:00 DEBUG 19790 --- [kafka-service] [reshExecutor-%d] o.s.web.client.RestTemplate              : Accept=[application/json, application/*+json]
2025-10-19T16:52:14.283+01:00 DEBUG 19790 --- [kafka-service] [reshExecutor-%d] o.s.web.client.RestTemplate              : Response 200 OK
2025-10-19T16:52:14.283+01:00 DEBUG 19790 --- [kafka-service] [reshExecutor-%d] o.s.web.client.RestTemplate              : Reading to [org.springframework.cloud.netflix.eureka.http.EurekaApplications]
2025-10-19T16:52:44.266+01:00 DEBUG 19790 --- [kafka-service] [beatExecutor-%d] o.s.web.client.RestTemplate              : HTTP PUT http://localhost:8761/eureka/apps/KAFKA-SERVICE/192.168.189.1:kafka-service:8087?status=UP&lastDirtyTimestamp=1760888924309
2025-10-19T16:52:44.267+01:00 DEBUG 19790 --- [kafka-service] [beatExecutor-%d] o.s.web.client.RestTemplate              : Accept=[application/json, application/*+json]
2025-10-19T16:52:44.274+01:00 DEBUG 19790 --- [kafka-service] [beatExecutor-%d] o.s.web.client.RestTemplate              : Response 200 OK
2025-10-19T16:52:44.289+01:00 DEBUG 19790 --- [kafka-service] [reshExecutor-%d] o.s.web.client.RestTemplate              : HTTP GET http://localhost:8761/eureka/apps/delta
2025-10-19T16:52:44.290+01:00 DEBUG 19790 --- [kafka-service] [reshExecutor-%d] o.s.web.client.RestTemplate              : Accept=[application/json, application/*+json]
2025-10-19T16:52:44.296+01:00 DEBUG 19790 --- [kafka-service] [reshExecutor-%d] o.s.web.client.RestTemplate              : Response 200 OK
2025-10-19T16:52:44.297+01:00 DEBUG 19790 --- [kafka-service] [reshExecutor-%d] o.s.web.client.RestTemplate              : Reading to [org.springframework.cloud.netflix.eureka.http.EurekaApplications]
2025-10-19T16:53:14.276+01:00 DEBUG 19790 --- [kafka-service] [beatExecutor-%d] o.s.web.client.RestTemplate              : HTTP PUT http://localhost:8761/eureka/apps/KAFKA-SERVICE/192.168.189.1:kafka-service:8087?status=UP&lastDirtyTimestamp=1760888924309
2025-10-19T16:53:14.276+01:00 DEBUG 19790 --- [kafka-service] [beatExecutor-%d] o.s.web.client.RestTemplate              : Accept=[application/json, application/*+json]
2025-10-19T16:53:14.284+01:00 DEBUG 19790 --- [kafka-service] [beatExecutor-%d] o.s.web.client.RestTemplate              : Response 200 OK
2025-10-19T16:53:14.301+01:00 DEBUG 19790 --- [kafka-service] [reshExecutor-%d] o.s.web.client.RestTemplate              : HTTP GET http://localhost:8761/eureka/apps/delta
2025-10-19T16:53:14.301+01:00 DEBUG 19790 --- [kafka-service] [reshExecutor-%d] o.s.web.client.RestTemplate              : Accept=[application/json, application/*+json]
2025-10-19T16:53:14.307+01:00 DEBUG 19790 --- [kafka-service] [reshExecutor-%d] o.s.web.client.RestTemplate              : Response 200 OK
2025-10-19T16:53:14.308+01:00 DEBUG 19790 --- [kafka-service] [reshExecutor-%d] o.s.web.client.RestTemplate              : Reading to [org.springframework.cloud.netflix.eureka.http.EurekaApplications]
2025-10-19T16:53:42.807+01:00  INFO 19790 --- [kafka-service] [rap-executor-%d] c.n.d.s.r.aws.ConfigClusterResolver      : Resolving eureka endpoints via configuration
2025-10-19T16:53:44.286+01:00 DEBUG 19790 --- [kafka-service] [beatExecutor-%d] o.s.web.client.RestTemplate              : HTTP PUT http://localhost:8761/eureka/apps/KAFKA-SERVICE/192.168.189.1:kafka-service:8087?status=UP&lastDirtyTimestamp=1760888924309
2025-10-19T16:53:44.286+01:00 DEBUG 19790 --- [kafka-service] [beatExecutor-%d] o.s.web.client.RestTemplate              : Accept=[application/json, application/*+json]
2025-10-19T16:53:44.293+01:00 DEBUG 19790 --- [kafka-service] [beatExecutor-%d] o.s.web.client.RestTemplate              : Response 200 OK
2025-10-19T16:53:44.311+01:00 DEBUG 19790 --- [kafka-service] [reshExecutor-%d] o.s.web.client.RestTemplate              : HTTP GET http://localhost:8761/eureka/apps/delta
2025-10-19T16:53:44.311+01:00 DEBUG 19790 --- [kafka-service] [reshExecutor-%d] o.s.web.client.RestTemplate              : Accept=[application/json, application/*+json]
2025-10-19T16:53:44.318+01:00 DEBUG 19790 --- [kafka-service] [reshExecutor-%d] o.s.web.client.RestTemplate              : Response 200 OK
2025-10-19T16:53:44.318+01:00 DEBUG 19790 --- [kafka-service] [reshExecutor-%d] o.s.web.client.RestTemplate              : Reading to [org.springframework.cloud.netflix.eureka.http.EurekaApplications]
2025-10-19T16:54:14.295+01:00 DEBUG 19790 --- [kafka-service] [beatExecutor-%d] o.s.web.client.RestTemplate              : HTTP PUT http://localhost:8761/eureka/apps/KAFKA-SERVICE/192.168.189.1:kafka-service:8087?status=UP&lastDirtyTimestamp=1760888924309
2025-10-19T16:54:14.295+01:00 DEBUG 19790 --- [kafka-service] [beatExecutor-%d] o.s.web.client.RestTemplate              : Accept=[application/json, application/*+json]
2025-10-19T16:54:14.302+01:00 DEBUG 19790 --- [kafka-service] [beatExecutor-%d] o.s.web.client.RestTemplate              : Response 200 OK
2025-10-19T16:54:14.322+01:00 DEBUG 19790 --- [kafka-service] [reshExecutor-%d] o.s.web.client.RestTemplate              : HTTP GET http://localhost:8761/eureka/apps/delta
2025-10-19T16:54:14.322+01:00 DEBUG 19790 --- [kafka-service] [reshExecutor-%d] o.s.web.client.RestTemplate              : Accept=[application/json, application/*+json]
2025-10-19T16:54:14.329+01:00 DEBUG 19790 --- [kafka-service] [reshExecutor-%d] o.s.web.client.RestTemplate              : Response 200 OK
2025-10-19T16:54:14.329+01:00 DEBUG 19790 --- [kafka-service] [reshExecutor-%d] o.s.web.client.RestTemplate              : Reading to [org.springframework.cloud.netflix.eureka.http.EurekaApplications]
2025-10-19T16:54:44.304+01:00 DEBUG 19790 --- [kafka-service] [beatExecutor-%d] o.s.web.client.RestTemplate              : HTTP PUT http://localhost:8761/eureka/apps/KAFKA-SERVICE/192.168.189.1:kafka-service:8087?status=UP&lastDirtyTimestamp=1760888924309
2025-10-19T16:54:44.305+01:00 DEBUG 19790 --- [kafka-service] [beatExecutor-%d] o.s.web.client.RestTemplate              : Accept=[application/json, application/*+json]
2025-10-19T16:54:44.312+01:00 DEBUG 19790 --- [kafka-service] [beatExecutor-%d] o.s.web.client.RestTemplate              : Response 200 OK
2025-10-19T16:54:44.334+01:00 DEBUG 19790 --- [kafka-service] [reshExecutor-%d] o.s.web.client.RestTemplate              : HTTP GET http://localhost:8761/eureka/apps/delta
2025-10-19T16:54:44.334+01:00 DEBUG 19790 --- [kafka-service] [reshExecutor-%d] o.s.web.client.RestTemplate              : Accept=[application/json, application/*+json]
2025-10-19T16:54:44.341+01:00 DEBUG 19790 --- [kafka-service] [reshExecutor-%d] o.s.web.client.RestTemplate              : Response 200 OK
2025-10-19T16:54:44.341+01:00 DEBUG 19790 --- [kafka-service] [reshExecutor-%d] o.s.web.client.RestTemplate              : Reading to [org.springframework.cloud.netflix.eureka.http.EurekaApplications]
2025-10-19T16:55:14.313+01:00 DEBUG 19790 --- [kafka-service] [beatExecutor-%d] o.s.web.client.RestTemplate              : HTTP PUT http://localhost:8761/eureka/apps/KAFKA-SERVICE/192.168.189.1:kafka-service:8087?status=UP&lastDirtyTimestamp=1760888924309
2025-10-19T16:55:14.314+01:00 DEBUG 19790 --- [kafka-service] [beatExecutor-%d] o.s.web.client.RestTemplate              : Accept=[application/json, application/*+json]
2025-10-19T16:55:14.320+01:00 DEBUG 19790 --- [kafka-service] [beatExecutor-%d] o.s.web.client.RestTemplate              : Response 200 OK
2025-10-19T16:55:14.344+01:00 DEBUG 19790 --- [kafka-service] [reshExecutor-%d] o.s.web.client.RestTemplate              : HTTP GET http://localhost:8761/eureka/apps/delta
2025-10-19T16:55:14.344+01:00 DEBUG 19790 --- [kafka-service] [reshExecutor-%d] o.s.web.client.RestTemplate              : Accept=[application/json, application/*+json]
2025-10-19T16:55:14.349+01:00 DEBUG 19790 --- [kafka-service] [reshExecutor-%d] o.s.web.client.RestTemplate              : Response 200 OK
2025-10-19T16:55:14.350+01:00 DEBUG 19790 --- [kafka-service] [reshExecutor-%d] o.s.web.client.RestTemplate              : Reading to [org.springframework.cloud.netflix.eureka.http.EurekaApplications]
2025-10-19T16:55:44.321+01:00 DEBUG 19790 --- [kafka-service] [beatExecutor-%d] o.s.web.client.RestTemplate              : HTTP PUT http://localhost:8761/eureka/apps/KAFKA-SERVICE/192.168.189.1:kafka-service:8087?status=UP&lastDirtyTimestamp=1760888924309
2025-10-19T16:55:44.322+01:00 DEBUG 19790 --- [kafka-service] [beatExecutor-%d] o.s.web.client.RestTemplate              : Accept=[application/json, application/*+json]
2025-10-19T16:55:44.328+01:00 DEBUG 19790 --- [kafka-service] [beatExecutor-%d] o.s.web.client.RestTemplate              : Response 200 OK
2025-10-19T16:55:44.354+01:00 DEBUG 19790 --- [kafka-service] [reshExecutor-%d] o.s.web.client.RestTemplate              : HTTP GET http://localhost:8761/eureka/apps/delta
2025-10-19T16:55:44.355+01:00 DEBUG 19790 --- [kafka-service] [reshExecutor-%d] o.s.web.client.RestTemplate              : Accept=[application/json, application/*+json]
2025-10-19T16:55:44.361+01:00 DEBUG 19790 --- [kafka-service] [reshExecutor-%d] o.s.web.client.RestTemplate              : Response 200 OK
2025-10-19T16:55:44.362+01:00 DEBUG 19790 --- [kafka-service] [reshExecutor-%d] o.s.web.client.RestTemplate              : Reading to [org.springframework.cloud.netflix.eureka.http.EurekaApplications]
2025-10-19T16:56:14.330+01:00 DEBUG 19790 --- [kafka-service] [beatExecutor-%d] o.s.web.client.RestTemplate              : HTTP PUT http://localhost:8761/eureka/apps/KAFKA-SERVICE/192.168.189.1:kafka-service:8087?status=UP&lastDirtyTimestamp=1760888924309
2025-10-19T16:56:14.331+01:00 DEBUG 19790 --- [kafka-service] [beatExecutor-%d] o.s.web.client.RestTemplate              : Accept=[application/json, application/*+json]
2025-10-19T16:56:14.338+01:00 DEBUG 19790 --- [kafka-service] [beatExecutor-%d] o.s.web.client.RestTemplate              : Response 200 OK
2025-10-19T16:56:14.365+01:00 DEBUG 19790 --- [kafka-service] [reshExecutor-%d] o.s.web.client.RestTemplate              : HTTP GET http://localhost:8761/eureka/apps/delta
2025-10-19T16:56:14.366+01:00 DEBUG 19790 --- [kafka-service] [reshExecutor-%d] o.s.web.client.RestTemplate              : Accept=[application/json, application/*+json]
2025-10-19T16:56:14.372+01:00 DEBUG 19790 --- [kafka-service] [reshExecutor-%d] o.s.web.client.RestTemplate              : Response 200 OK
2025-10-19T16:56:14.372+01:00 DEBUG 19790 --- [kafka-service] [reshExecutor-%d] o.s.web.client.RestTemplate              : Reading to [org.springframework.cloud.netflix.eureka.http.EurekaApplications]
2025-10-19T16:56:44.339+01:00 DEBUG 19790 --- [kafka-service] [beatExecutor-%d] o.s.web.client.RestTemplate              : HTTP PUT http://localhost:8761/eureka/apps/KAFKA-SERVICE/192.168.189.1:kafka-service:8087?status=UP&lastDirtyTimestamp=1760888924309
2025-10-19T16:56:44.340+01:00 DEBUG 19790 --- [kafka-service] [beatExecutor-%d] o.s.web.client.RestTemplate              : Accept=[application/json, application/*+json]
2025-10-19T16:56:44.345+01:00 DEBUG 19790 --- [kafka-service] [beatExecutor-%d] o.s.web.client.RestTemplate              : Response 200 OK
2025-10-19T16:56:44.376+01:00 DEBUG 19790 --- [kafka-service] [reshExecutor-%d] o.s.web.client.RestTemplate              : HTTP GET http://localhost:8761/eureka/apps/delta
2025-10-19T16:56:44.377+01:00 DEBUG 19790 --- [kafka-service] [reshExecutor-%d] o.s.web.client.RestTemplate              : Accept=[application/json, application/*+json]
2025-10-19T16:56:44.382+01:00 DEBUG 19790 --- [kafka-service] [reshExecutor-%d] o.s.web.client.RestTemplate              : Response 200 OK
2025-10-19T16:56:44.383+01:00 DEBUG 19790 --- [kafka-service] [reshExecutor-%d] o.s.web.client.RestTemplate              : Reading to [org.springframework.cloud.netflix.eureka.http.EurekaApplications]
2025-10-19T16:57:14.347+01:00 DEBUG 19790 --- [kafka-service] [beatExecutor-%d] o.s.web.client.RestTemplate              : HTTP PUT http://localhost:8761/eureka/apps/KAFKA-SERVICE/192.168.189.1:kafka-service:8087?status=UP&lastDirtyTimestamp=1760888924309
2025-10-19T16:57:14.347+01:00 DEBUG 19790 --- [kafka-service] [beatExecutor-%d] o.s.web.client.RestTemplate              : Accept=[application/json, application/*+json]
2025-10-19T16:57:14.353+01:00 DEBUG 19790 --- [kafka-service] [beatExecutor-%d] o.s.web.client.RestTemplate              : Response 200 OK
2025-10-19T16:57:14.385+01:00 DEBUG 19790 --- [kafka-service] [reshExecutor-%d] o.s.web.client.RestTemplate              : HTTP GET http://localhost:8761/eureka/apps/delta
2025-10-19T16:57:14.386+01:00 DEBUG 19790 --- [kafka-service] [reshExecutor-%d] o.s.web.client.RestTemplate              : Accept=[application/json, application/*+json]
2025-10-19T16:57:14.391+01:00 DEBUG 19790 --- [kafka-service] [reshExecutor-%d] o.s.web.client.RestTemplate              : Response 200 OK
2025-10-19T16:57:14.392+01:00 DEBUG 19790 --- [kafka-service] [reshExecutor-%d] o.s.web.client.RestTemplate              : Reading to [org.springframework.cloud.netflix.eureka.http.EurekaApplications]
2025-10-19T16:57:44.354+01:00 DEBUG 19790 --- [kafka-service] [beatExecutor-%d] o.s.web.client.RestTemplate              : HTTP PUT http://localhost:8761/eureka/apps/KAFKA-SERVICE/192.168.189.1:kafka-service:8087?status=UP&lastDirtyTimestamp=1760888924309
2025-10-19T16:57:44.355+01:00 DEBUG 19790 --- [kafka-service] [beatExecutor-%d] o.s.web.client.RestTemplate              : Accept=[application/json, application/*+json]
2025-10-19T16:57:44.361+01:00 DEBUG 19790 --- [kafka-service] [beatExecutor-%d] o.s.web.client.RestTemplate              : Response 200 OK
2025-10-19T16:57:44.394+01:00 DEBUG 19790 --- [kafka-service] [reshExecutor-%d] o.s.web.client.RestTemplate              : HTTP GET http://localhost:8761/eureka/apps/delta
2025-10-19T16:57:44.394+01:00 DEBUG 19790 --- [kafka-service] [reshExecutor-%d] o.s.web.client.RestTemplate              : Accept=[application/json, application/*+json]
2025-10-19T16:57:44.400+01:00 DEBUG 19790 --- [kafka-service] [reshExecutor-%d] o.s.web.client.RestTemplate              : Response 200 OK
2025-10-19T16:57:44.400+01:00 DEBUG 19790 --- [kafka-service] [reshExecutor-%d] o.s.web.client.RestTemplate              : Reading to [org.springframework.cloud.netflix.eureka.http.EurekaApplications]
2025-10-19T16:58:14.362+01:00 DEBUG 19790 --- [kafka-service] [beatExecutor-%d] o.s.web.client.RestTemplate              : HTTP PUT http://localhost:8761/eureka/apps/KAFKA-SERVICE/192.168.189.1:kafka-service:8087?status=UP&lastDirtyTimestamp=1760888924309
2025-10-19T16:58:14.363+01:00 DEBUG 19790 --- [kafka-service] [beatExecutor-%d] o.s.web.client.RestTemplate              : Accept=[application/json, application/*+json]
2025-10-19T16:58:14.369+01:00 DEBUG 19790 --- [kafka-service] [beatExecutor-%d] o.s.web.client.RestTemplate              : Response 200 OK
2025-10-19T16:58:14.403+01:00 DEBUG 19790 --- [kafka-service] [reshExecutor-%d] o.s.web.client.RestTemplate              : HTTP GET http://localhost:8761/eureka/apps/delta
2025-10-19T16:58:14.403+01:00 DEBUG 19790 --- [kafka-service] [reshExecutor-%d] o.s.web.client.RestTemplate              : Accept=[application/json, application/*+json]
2025-10-19T16:58:14.409+01:00 DEBUG 19790 --- [kafka-service] [reshExecutor-%d] o.s.web.client.RestTemplate              : Response 200 OK
2025-10-19T16:58:14.409+01:00 DEBUG 19790 --- [kafka-service] [reshExecutor-%d] o.s.web.client.RestTemplate              : Reading to [org.springframework.cloud.netflix.eureka.http.EurekaApplications]
2025-10-19T16:58:42.808+01:00  INFO 19790 --- [kafka-service] [rap-executor-%d] c.n.d.s.r.aws.ConfigClusterResolver      : Resolving eureka endpoints via configuration
2025-10-19T16:58:44.371+01:00 DEBUG 19790 --- [kafka-service] [beatExecutor-%d] o.s.web.client.RestTemplate              : HTTP PUT http://localhost:8761/eureka/apps/KAFKA-SERVICE/192.168.189.1:kafka-service:8087?status=UP&lastDirtyTimestamp=1760888924309
2025-10-19T16:58:44.371+01:00 DEBUG 19790 --- [kafka-service] [beatExecutor-%d] o.s.web.client.RestTemplate              : Accept=[application/json, application/*+json]
2025-10-19T16:58:44.381+01:00 DEBUG 19790 --- [kafka-service] [beatExecutor-%d] o.s.web.client.RestTemplate              : Response 200 OK
2025-10-19T16:58:44.411+01:00 DEBUG 19790 --- [kafka-service] [reshExecutor-%d] o.s.web.client.RestTemplate              : HTTP GET http://localhost:8761/eureka/apps/delta
2025-10-19T16:58:44.412+01:00 DEBUG 19790 --- [kafka-service] [reshExecutor-%d] o.s.web.client.RestTemplate              : Accept=[application/json, application/*+json]
2025-10-19T16:58:44.418+01:00 DEBUG 19790 --- [kafka-service] [reshExecutor-%d] o.s.web.client.RestTemplate              : Response 200 OK
2025-10-19T16:58:44.418+01:00 DEBUG 19790 --- [kafka-service] [reshExecutor-%d] o.s.web.client.RestTemplate              : Reading to [org.springframework.cloud.netflix.eureka.http.EurekaApplications]
2025-10-19T16:59:14.383+01:00 DEBUG 19790 --- [kafka-service] [beatExecutor-%d] o.s.web.client.RestTemplate              : HTTP PUT http://localhost:8761/eureka/apps/KAFKA-SERVICE/192.168.189.1:kafka-service:8087?status=UP&lastDirtyTimestamp=1760888924309
2025-10-19T16:59:14.384+01:00 DEBUG 19790 --- [kafka-service] [beatExecutor-%d] o.s.web.client.RestTemplate              : Accept=[application/json, application/*+json]
2025-10-19T16:59:14.390+01:00 DEBUG 19790 --- [kafka-service] [beatExecutor-%d] o.s.web.client.RestTemplate              : Response 200 OK
2025-10-19T16:59:14.421+01:00 DEBUG 19790 --- [kafka-service] [reshExecutor-%d] o.s.web.client.RestTemplate              : HTTP GET http://localhost:8761/eureka/apps/delta
2025-10-19T16:59:14.421+01:00 DEBUG 19790 --- [kafka-service] [reshExecutor-%d] o.s.web.client.RestTemplate              : Accept=[application/json, application/*+json]
2025-10-19T16:59:14.428+01:00 DEBUG 19790 --- [kafka-service] [reshExecutor-%d] o.s.web.client.RestTemplate              : Response 200 OK
2025-10-19T16:59:14.429+01:00 DEBUG 19790 --- [kafka-service] [reshExecutor-%d] o.s.web.client.RestTemplate              : Reading to [org.springframework.cloud.netflix.eureka.http.EurekaApplications]
2025-10-19T16:59:44.392+01:00 DEBUG 19790 --- [kafka-service] [beatExecutor-%d] o.s.web.client.RestTemplate              : HTTP PUT http://localhost:8761/eureka/apps/KAFKA-SERVICE/192.168.189.1:kafka-service:8087?status=UP&lastDirtyTimestamp=1760888924309
2025-10-19T16:59:44.393+01:00 DEBUG 19790 --- [kafka-service] [beatExecutor-%d] o.s.web.client.RestTemplate              : Accept=[application/json, application/*+json]
2025-10-19T16:59:44.398+01:00 DEBUG 19790 --- [kafka-service] [beatExecutor-%d] o.s.web.client.RestTemplate              : Response 200 OK
2025-10-19T16:59:44.435+01:00 DEBUG 19790 --- [kafka-service] [reshExecutor-%d] o.s.web.client.RestTemplate              : HTTP GET http://localhost:8761/eureka/apps/delta
2025-10-19T16:59:44.450+01:00 DEBUG 19790 --- [kafka-service] [reshExecutor-%d] o.s.web.client.RestTemplate              : Accept=[application/json, application/*+json]
2025-10-19T16:59:44.455+01:00 DEBUG 19790 --- [kafka-service] [reshExecutor-%d] o.s.web.client.RestTemplate              : Response 200 OK
2025-10-19T16:59:44.455+01:00 DEBUG 19790 --- [kafka-service] [reshExecutor-%d] o.s.web.client.RestTemplate              : Reading to [org.springframework.cloud.netflix.eureka.http.EurekaApplications]
2025-10-19T17:00:14.400+01:00 DEBUG 19790 --- [kafka-service] [beatExecutor-%d] o.s.web.client.RestTemplate              : HTTP PUT http://localhost:8761/eureka/apps/KAFKA-SERVICE/192.168.189.1:kafka-service:8087?status=UP&lastDirtyTimestamp=1760888924309
2025-10-19T17:00:14.401+01:00 DEBUG 19790 --- [kafka-service] [beatExecutor-%d] o.s.web.client.RestTemplate              : Accept=[application/json, application/*+json]
2025-10-19T17:00:14.407+01:00 DEBUG 19790 --- [kafka-service] [beatExecutor-%d] o.s.web.client.RestTemplate              : Response 200 OK
2025-10-19T17:00:14.457+01:00 DEBUG 19790 --- [kafka-service] [reshExecutor-%d] o.s.web.client.RestTemplate              : HTTP GET http://localhost:8761/eureka/apps/delta
2025-10-19T17:00:14.458+01:00 DEBUG 19790 --- [kafka-service] [reshExecutor-%d] o.s.web.client.RestTemplate              : Accept=[application/json, application/*+json]
2025-10-19T17:00:14.464+01:00 DEBUG 19790 --- [kafka-service] [reshExecutor-%d] o.s.web.client.RestTemplate              : Response 200 OK
2025-10-19T17:00:14.464+01:00 DEBUG 19790 --- [kafka-service] [reshExecutor-%d] o.s.web.client.RestTemplate              : Reading to [org.springframework.cloud.netflix.eureka.http.EurekaApplications]
2025-10-19T17:00:44.408+01:00 DEBUG 19790 --- [kafka-service] [beatExecutor-%d] o.s.web.client.RestTemplate              : HTTP PUT http://localhost:8761/eureka/apps/KAFKA-SERVICE/192.168.189.1:kafka-service:8087?status=UP&lastDirtyTimestamp=1760888924309
2025-10-19T17:00:44.409+01:00 DEBUG 19790 --- [kafka-service] [beatExecutor-%d] o.s.web.client.RestTemplate              : Accept=[application/json, application/*+json]
2025-10-19T17:00:44.415+01:00 DEBUG 19790 --- [kafka-service] [beatExecutor-%d] o.s.web.client.RestTemplate              : Response 200 OK
2025-10-19T17:00:44.467+01:00 DEBUG 19790 --- [kafka-service] [reshExecutor-%d] o.s.web.client.RestTemplate              : HTTP GET http://localhost:8761/eureka/apps/delta
2025-10-19T17:00:44.467+01:00 DEBUG 19790 --- [kafka-service] [reshExecutor-%d] o.s.web.client.RestTemplate              : Accept=[application/json, application/*+json]
2025-10-19T17:00:44.472+01:00 DEBUG 19790 --- [kafka-service] [reshExecutor-%d] o.s.web.client.RestTemplate              : Response 200 OK
2025-10-19T17:00:44.473+01:00 DEBUG 19790 --- [kafka-service] [reshExecutor-%d] o.s.web.client.RestTemplate              : Reading to [org.springframework.cloud.netflix.eureka.http.EurekaApplications]
2025-10-19T17:01:14.416+01:00 DEBUG 19790 --- [kafka-service] [beatExecutor-%d] o.s.web.client.RestTemplate              : HTTP PUT http://localhost:8761/eureka/apps/KAFKA-SERVICE/192.168.189.1:kafka-service:8087?status=UP&lastDirtyTimestamp=1760888924309
2025-10-19T17:01:14.416+01:00 DEBUG 19790 --- [kafka-service] [beatExecutor-%d] o.s.web.client.RestTemplate              : Accept=[application/json, application/*+json]
2025-10-19T17:01:14.422+01:00 DEBUG 19790 --- [kafka-service] [beatExecutor-%d] o.s.web.client.RestTemplate              : Response 200 OK
2025-10-19T17:01:14.475+01:00 DEBUG 19790 --- [kafka-service] [reshExecutor-%d] o.s.web.client.RestTemplate              : HTTP GET http://localhost:8761/eureka/apps/delta
2025-10-19T17:01:14.476+01:00 DEBUG 19790 --- [kafka-service] [reshExecutor-%d] o.s.web.client.RestTemplate              : Accept=[application/json, application/*+json]
2025-10-19T17:01:14.481+01:00 DEBUG 19790 --- [kafka-service] [reshExecutor-%d] o.s.web.client.RestTemplate              : Response 200 OK
2025-10-19T17:01:14.481+01:00 DEBUG 19790 --- [kafka-service] [reshExecutor-%d] o.s.web.client.RestTemplate              : Reading to [org.springframework.cloud.netflix.eureka.http.EurekaApplications]
2025-10-19T17:01:44.424+01:00 DEBUG 19790 --- [kafka-service] [beatExecutor-%d] o.s.web.client.RestTemplate              : HTTP PUT http://localhost:8761/eureka/apps/KAFKA-SERVICE/192.168.189.1:kafka-service:8087?status=UP&lastDirtyTimestamp=1760888924309
2025-10-19T17:01:44.424+01:00 DEBUG 19790 --- [kafka-service] [beatExecutor-%d] o.s.web.client.RestTemplate              : Accept=[application/json, application/*+json]
2025-10-19T17:01:44.430+01:00 DEBUG 19790 --- [kafka-service] [beatExecutor-%d] o.s.web.client.RestTemplate              : Response 200 OK
2025-10-19T17:01:44.483+01:00 DEBUG 19790 --- [kafka-service] [reshExecutor-%d] o.s.web.client.RestTemplate              : HTTP GET http://localhost:8761/eureka/apps/delta
2025-10-19T17:01:44.484+01:00 DEBUG 19790 --- [kafka-service] [reshExecutor-%d] o.s.web.client.RestTemplate              : Accept=[application/json, application/*+json]
2025-10-19T17:01:44.489+01:00 DEBUG 19790 --- [kafka-service] [reshExecutor-%d] o.s.web.client.RestTemplate              : Response 200 OK
2025-10-19T17:01:44.489+01:00 DEBUG 19790 --- [kafka-service] [reshExecutor-%d] o.s.web.client.RestTemplate              : Reading to [org.springframework.cloud.netflix.eureka.http.EurekaApplications]
2025-10-19T17:02:14.432+01:00 DEBUG 19790 --- [kafka-service] [beatExecutor-%d] o.s.web.client.RestTemplate              : HTTP PUT http://localhost:8761/eureka/apps/KAFKA-SERVICE/192.168.189.1:kafka-service:8087?status=UP&lastDirtyTimestamp=1760888924309
2025-10-19T17:02:14.433+01:00 DEBUG 19790 --- [kafka-service] [beatExecutor-%d] o.s.web.client.RestTemplate              : Accept=[application/json, application/*+json]
2025-10-19T17:02:14.439+01:00 DEBUG 19790 --- [kafka-service] [beatExecutor-%d] o.s.web.client.RestTemplate              : Response 200 OK
2025-10-19T17:02:14.491+01:00 DEBUG 19790 --- [kafka-service] [reshExecutor-%d] o.s.web.client.RestTemplate              : HTTP GET http://localhost:8761/eureka/apps/delta
2025-10-19T17:02:14.491+01:00 DEBUG 19790 --- [kafka-service] [reshExecutor-%d] o.s.web.client.RestTemplate              : Accept=[application/json, application/*+json]
2025-10-19T17:02:14.496+01:00 DEBUG 19790 --- [kafka-service] [reshExecutor-%d] o.s.web.client.RestTemplate              : Response 200 OK
2025-10-19T17:02:14.496+01:00 DEBUG 19790 --- [kafka-service] [reshExecutor-%d] o.s.web.client.RestTemplate              : Reading to [org.springframework.cloud.netflix.eureka.http.EurekaApplications]
2025-10-19T17:02:44.441+01:00 DEBUG 19790 --- [kafka-service] [beatExecutor-%d] o.s.web.client.RestTemplate              : HTTP PUT http://localhost:8761/eureka/apps/KAFKA-SERVICE/192.168.189.1:kafka-service:8087?status=UP&lastDirtyTimestamp=1760888924309
2025-10-19T17:02:44.441+01:00 DEBUG 19790 --- [kafka-service] [beatExecutor-%d] o.s.web.client.RestTemplate              : Accept=[application/json, application/*+json]
2025-10-19T17:02:44.446+01:00 DEBUG 19790 --- [kafka-service] [beatExecutor-%d] o.s.web.client.RestTemplate              : Response 200 OK
2025-10-19T17:02:44.498+01:00 DEBUG 19790 --- [kafka-service] [reshExecutor-%d] o.s.web.client.RestTemplate              : HTTP GET http://localhost:8761/eureka/apps/delta
2025-10-19T17:02:44.499+01:00 DEBUG 19790 --- [kafka-service] [reshExecutor-%d] o.s.web.client.RestTemplate              : Accept=[application/json, application/*+json]
2025-10-19T17:02:44.503+01:00 DEBUG 19790 --- [kafka-service] [reshExecutor-%d] o.s.web.client.RestTemplate              : Response 200 OK
2025-10-19T17:02:44.504+01:00 DEBUG 19790 --- [kafka-service] [reshExecutor-%d] o.s.web.client.RestTemplate              : Reading to [org.springframework.cloud.netflix.eureka.http.EurekaApplications]
2025-10-19T17:03:14.448+01:00 DEBUG 19790 --- [kafka-service] [beatExecutor-%d] o.s.web.client.RestTemplate              : HTTP PUT http://localhost:8761/eureka/apps/KAFKA-SERVICE/192.168.189.1:kafka-service:8087?status=UP&lastDirtyTimestamp=1760888924309
2025-10-19T17:03:14.448+01:00 DEBUG 19790 --- [kafka-service] [beatExecutor-%d] o.s.web.client.RestTemplate              : Accept=[application/json, application/*+json]
2025-10-19T17:03:14.454+01:00 DEBUG 19790 --- [kafka-service] [beatExecutor-%d] o.s.web.client.RestTemplate              : Response 200 OK
2025-10-19T17:03:14.506+01:00 DEBUG 19790 --- [kafka-service] [reshExecutor-%d] o.s.web.client.RestTemplate              : HTTP GET http://localhost:8761/eureka/apps/delta
2025-10-19T17:03:14.507+01:00 DEBUG 19790 --- [kafka-service] [reshExecutor-%d] o.s.web.client.RestTemplate              : Accept=[application/json, application/*+json]
2025-10-19T17:03:14.512+01:00 DEBUG 19790 --- [kafka-service] [reshExecutor-%d] o.s.web.client.RestTemplate              : Response 200 OK
2025-10-19T17:03:14.513+01:00 DEBUG 19790 --- [kafka-service] [reshExecutor-%d] o.s.web.client.RestTemplate              : Reading to [org.springframework.cloud.netflix.eureka.http.EurekaApplications]
2025-10-19T17:03:42.809+01:00  INFO 19790 --- [kafka-service] [rap-executor-%d] c.n.d.s.r.aws.ConfigClusterResolver      : Resolving eureka endpoints via configuration
2025-10-19T17:03:44.455+01:00 DEBUG 19790 --- [kafka-service] [beatExecutor-%d] o.s.web.client.RestTemplate              : HTTP PUT http://localhost:8761/eureka/apps/KAFKA-SERVICE/192.168.189.1:kafka-service:8087?status=UP&lastDirtyTimestamp=1760888924309
2025-10-19T17:03:44.456+01:00 DEBUG 19790 --- [kafka-service] [beatExecutor-%d] o.s.web.client.RestTemplate              : Accept=[application/json, application/*+json]
2025-10-19T17:03:44.460+01:00 DEBUG 19790 --- [kafka-service] [beatExecutor-%d] o.s.web.client.RestTemplate              : Response 200 OK
2025-10-19T17:03:44.515+01:00 DEBUG 19790 --- [kafka-service] [reshExecutor-%d] o.s.web.client.RestTemplate              : HTTP GET http://localhost:8761/eureka/apps/delta
2025-10-19T17:03:44.516+01:00 DEBUG 19790 --- [kafka-service] [reshExecutor-%d] o.s.web.client.RestTemplate              : Accept=[application/json, application/*+json]
2025-10-19T17:03:44.520+01:00 DEBUG 19790 --- [kafka-service] [reshExecutor-%d] o.s.web.client.RestTemplate              : Response 200 OK
2025-10-19T17:03:44.520+01:00 DEBUG 19790 --- [kafka-service] [reshExecutor-%d] o.s.web.client.RestTemplate              : Reading to [org.springframework.cloud.netflix.eureka.http.EurekaApplications]
2025-10-19T17:04:14.462+01:00 DEBUG 19790 --- [kafka-service] [beatExecutor-%d] o.s.web.client.RestTemplate              : HTTP PUT http://localhost:8761/eureka/apps/KAFKA-SERVICE/192.168.189.1:kafka-service:8087?status=UP&lastDirtyTimestamp=1760888924309
2025-10-19T17:04:14.462+01:00 DEBUG 19790 --- [kafka-service] [beatExecutor-%d] o.s.web.client.RestTemplate              : Accept=[application/json, application/*+json]
2025-10-19T17:04:14.467+01:00 DEBUG 19790 --- [kafka-service] [beatExecutor-%d] o.s.web.client.RestTemplate              : Response 200 OK
2025-10-19T17:04:14.522+01:00 DEBUG 19790 --- [kafka-service] [reshExecutor-%d] o.s.web.client.RestTemplate              : HTTP GET http://localhost:8761/eureka/apps/delta
2025-10-19T17:04:14.522+01:00 DEBUG 19790 --- [kafka-service] [reshExecutor-%d] o.s.web.client.RestTemplate              : Accept=[application/json, application/*+json]
2025-10-19T17:04:14.526+01:00 DEBUG 19790 --- [kafka-service] [reshExecutor-%d] o.s.web.client.RestTemplate              : Response 200 OK
2025-10-19T17:04:14.526+01:00 DEBUG 19790 --- [kafka-service] [reshExecutor-%d] o.s.web.client.RestTemplate              : Reading to [org.springframework.cloud.netflix.eureka.http.EurekaApplications]
2025-10-19T17:04:44.468+01:00 DEBUG 19790 --- [kafka-service] [beatExecutor-%d] o.s.web.client.RestTemplate              : HTTP PUT http://localhost:8761/eureka/apps/KAFKA-SERVICE/192.168.189.1:kafka-service:8087?status=UP&lastDirtyTimestamp=1760888924309
2025-10-19T17:04:44.469+01:00 DEBUG 19790 --- [kafka-service] [beatExecutor-%d] o.s.web.client.RestTemplate              : Accept=[application/json, application/*+json]
2025-10-19T17:04:44.475+01:00 DEBUG 19790 --- [kafka-service] [beatExecutor-%d] o.s.web.client.RestTemplate              : Response 200 OK
2025-10-19T17:04:44.528+01:00 DEBUG 19790 --- [kafka-service] [reshExecutor-%d] o.s.web.client.RestTemplate              : HTTP GET http://localhost:8761/eureka/apps/delta
2025-10-19T17:04:44.529+01:00 DEBUG 19790 --- [kafka-service] [reshExecutor-%d] o.s.web.client.RestTemplate              : Accept=[application/json, application/*+json]
2025-10-19T17:04:44.533+01:00 DEBUG 19790 --- [kafka-service] [reshExecutor-%d] o.s.web.client.RestTemplate              : Response 200 OK
2025-10-19T17:04:44.534+01:00 DEBUG 19790 --- [kafka-service] [reshExecutor-%d] o.s.web.client.RestTemplate              : Reading to [org.springframework.cloud.netflix.eureka.http.EurekaApplications]
2025-10-19T17:05:14.477+01:00 DEBUG 19790 --- [kafka-service] [beatExecutor-%d] o.s.web.client.RestTemplate              : HTTP PUT http://localhost:8761/eureka/apps/KAFKA-SERVICE/192.168.189.1:kafka-service:8087?status=UP&lastDirtyTimestamp=1760888924309
2025-10-19T17:05:14.477+01:00 DEBUG 19790 --- [kafka-service] [beatExecutor-%d] o.s.web.client.RestTemplate              : Accept=[application/json, application/*+json]
2025-10-19T17:05:14.482+01:00 DEBUG 19790 --- [kafka-service] [beatExecutor-%d] o.s.web.client.RestTemplate              : Response 200 OK
2025-10-19T17:05:14.536+01:00 DEBUG 19790 --- [kafka-service] [reshExecutor-%d] o.s.web.client.RestTemplate              : HTTP GET http://localhost:8761/eureka/apps/delta
2025-10-19T17:05:14.537+01:00 DEBUG 19790 --- [kafka-service] [reshExecutor-%d] o.s.web.client.RestTemplate              : Accept=[application/json, application/*+json]
2025-10-19T17:05:14.541+01:00 DEBUG 19790 --- [kafka-service] [reshExecutor-%d] o.s.web.client.RestTemplate              : Response 200 OK
2025-10-19T17:05:14.542+01:00 DEBUG 19790 --- [kafka-service] [reshExecutor-%d] o.s.web.client.RestTemplate              : Reading to [org.springframework.cloud.netflix.eureka.http.EurekaApplications]
2025-10-19T17:05:44.483+01:00 DEBUG 19790 --- [kafka-service] [beatExecutor-%d] o.s.web.client.RestTemplate              : HTTP PUT http://localhost:8761/eureka/apps/KAFKA-SERVICE/192.168.189.1:kafka-service:8087?status=UP&lastDirtyTimestamp=1760888924309
2025-10-19T17:05:44.484+01:00 DEBUG 19790 --- [kafka-service] [beatExecutor-%d] o.s.web.client.RestTemplate              : Accept=[application/json, application/*+json]
2025-10-19T17:05:44.489+01:00 DEBUG 19790 --- [kafka-service] [beatExecutor-%d] o.s.web.client.RestTemplate              : Response 200 OK
2025-10-19T17:05:44.544+01:00 DEBUG 19790 --- [kafka-service] [reshExecutor-%d] o.s.web.client.RestTemplate              : HTTP GET http://localhost:8761/eureka/apps/delta
2025-10-19T17:05:44.544+01:00 DEBUG 19790 --- [kafka-service] [reshExecutor-%d] o.s.web.client.RestTemplate              : Accept=[application/json, application/*+json]
2025-10-19T17:05:44.548+01:00 DEBUG 19790 --- [kafka-service] [reshExecutor-%d] o.s.web.client.RestTemplate              : Response 200 OK
2025-10-19T17:05:44.549+01:00 DEBUG 19790 --- [kafka-service] [reshExecutor-%d] o.s.web.client.RestTemplate              : Reading to [org.springframework.cloud.netflix.eureka.http.EurekaApplications]
2025-10-19T17:06:14.490+01:00 DEBUG 19790 --- [kafka-service] [beatExecutor-%d] o.s.web.client.RestTemplate              : HTTP PUT http://localhost:8761/eureka/apps/KAFKA-SERVICE/192.168.189.1:kafka-service:8087?status=UP&lastDirtyTimestamp=1760888924309
2025-10-19T17:06:14.490+01:00 DEBUG 19790 --- [kafka-service] [beatExecutor-%d] o.s.web.client.RestTemplate              : Accept=[application/json, application/*+json]
2025-10-19T17:06:14.495+01:00 DEBUG 19790 --- [kafka-service] [beatExecutor-%d] o.s.web.client.RestTemplate              : Response 200 OK
2025-10-19T17:06:14.551+01:00 DEBUG 19790 --- [kafka-service] [reshExecutor-%d] o.s.web.client.RestTemplate              : HTTP GET http://localhost:8761/eureka/apps/delta
2025-10-19T17:06:14.551+01:00 DEBUG 19790 --- [kafka-service] [reshExecutor-%d] o.s.web.client.RestTemplate              : Accept=[application/json, application/*+json]
2025-10-19T17:06:14.555+01:00 DEBUG 19790 --- [kafka-service] [reshExecutor-%d] o.s.web.client.RestTemplate              : Response 200 OK
2025-10-19T17:06:14.556+01:00 DEBUG 19790 --- [kafka-service] [reshExecutor-%d] o.s.web.client.RestTemplate              : Reading to [org.springframework.cloud.netflix.eureka.http.EurekaApplications]
2025-10-19T17:06:44.496+01:00 DEBUG 19790 --- [kafka-service] [beatExecutor-%d] o.s.web.client.RestTemplate              : HTTP PUT http://localhost:8761/eureka/apps/KAFKA-SERVICE/192.168.189.1:kafka-service:8087?status=UP&lastDirtyTimestamp=1760888924309
2025-10-19T17:06:44.497+01:00 DEBUG 19790 --- [kafka-service] [beatExecutor-%d] o.s.web.client.RestTemplate              : Accept=[application/json, application/*+json]
2025-10-19T17:06:44.502+01:00 DEBUG 19790 --- [kafka-service] [beatExecutor-%d] o.s.web.client.RestTemplate              : Response 200 OK
2025-10-19T17:06:44.557+01:00 DEBUG 19790 --- [kafka-service] [reshExecutor-%d] o.s.web.client.RestTemplate              : HTTP GET http://localhost:8761/eureka/apps/delta
2025-10-19T17:06:44.558+01:00 DEBUG 19790 --- [kafka-service] [reshExecutor-%d] o.s.web.client.RestTemplate              : Accept=[application/json, application/*+json]
2025-10-19T17:06:44.563+01:00 DEBUG 19790 --- [kafka-service] [reshExecutor-%d] o.s.web.client.RestTemplate              : Response 200 OK
2025-10-19T17:06:44.563+01:00 DEBUG 19790 --- [kafka-service] [reshExecutor-%d] o.s.web.client.RestTemplate              : Reading to [org.springframework.cloud.netflix.eureka.http.EurekaApplications]
2025-10-19T17:07:14.503+01:00 DEBUG 19790 --- [kafka-service] [beatExecutor-%d] o.s.web.client.RestTemplate              : HTTP PUT http://localhost:8761/eureka/apps/KAFKA-SERVICE/192.168.189.1:kafka-service:8087?status=UP&lastDirtyTimestamp=1760888924309
2025-10-19T17:07:14.504+01:00 DEBUG 19790 --- [kafka-service] [beatExecutor-%d] o.s.web.client.RestTemplate              : Accept=[application/json, application/*+json]
2025-10-19T17:07:14.508+01:00 DEBUG 19790 --- [kafka-service] [beatExecutor-%d] o.s.web.client.RestTemplate              : Response 200 OK
2025-10-19T17:07:14.565+01:00 DEBUG 19790 --- [kafka-service] [reshExecutor-%d] o.s.web.client.RestTemplate              : HTTP GET http://localhost:8761/eureka/apps/delta
2025-10-19T17:07:14.566+01:00 DEBUG 19790 --- [kafka-service] [reshExecutor-%d] o.s.web.client.RestTemplate              : Accept=[application/json, application/*+json]
2025-10-19T17:07:14.571+01:00 DEBUG 19790 --- [kafka-service] [reshExecutor-%d] o.s.web.client.RestTemplate              : Response 200 OK
2025-10-19T17:07:14.571+01:00 DEBUG 19790 --- [kafka-service] [reshExecutor-%d] o.s.web.client.RestTemplate              : Reading to [org.springframework.cloud.netflix.eureka.http.EurekaApplications]
2025-10-19T17:07:44.510+01:00 DEBUG 19790 --- [kafka-service] [beatExecutor-%d] o.s.web.client.RestTemplate              : HTTP PUT http://localhost:8761/eureka/apps/KAFKA-SERVICE/192.168.189.1:kafka-service:8087?status=UP&lastDirtyTimestamp=1760888924309
2025-10-19T17:07:44.510+01:00 DEBUG 19790 --- [kafka-service] [beatExecutor-%d] o.s.web.client.RestTemplate              : Accept=[application/json, application/*+json]
2025-10-19T17:07:44.516+01:00 DEBUG 19790 --- [kafka-service] [beatExecutor-%d] o.s.web.client.RestTemplate              : Response 200 OK
2025-10-19T17:07:44.573+01:00 DEBUG 19790 --- [kafka-service] [reshExecutor-%d] o.s.web.client.RestTemplate              : HTTP GET http://localhost:8761/eureka/apps/delta
2025-10-19T17:07:44.573+01:00 DEBUG 19790 --- [kafka-service] [reshExecutor-%d] o.s.web.client.RestTemplate              : Accept=[application/json, application/*+json]
2025-10-19T17:07:44.577+01:00 DEBUG 19790 --- [kafka-service] [reshExecutor-%d] o.s.web.client.RestTemplate              : Response 200 OK
2025-10-19T17:07:44.578+01:00 DEBUG 19790 --- [kafka-service] [reshExecutor-%d] o.s.web.client.RestTemplate              : Reading to [org.springframework.cloud.netflix.eureka.http.EurekaApplications]
2025-10-19T17:08:14.517+01:00 DEBUG 19790 --- [kafka-service] [beatExecutor-%d] o.s.web.client.RestTemplate              : HTTP PUT http://localhost:8761/eureka/apps/KAFKA-SERVICE/192.168.189.1:kafka-service:8087?status=UP&lastDirtyTimestamp=1760888924309
2025-10-19T17:08:14.517+01:00 DEBUG 19790 --- [kafka-service] [beatExecutor-%d] o.s.web.client.RestTemplate              : Accept=[application/json, application/*+json]
2025-10-19T17:08:14.522+01:00 DEBUG 19790 --- [kafka-service] [beatExecutor-%d] o.s.web.client.RestTemplate              : Response 200 OK
2025-10-19T17:08:14.579+01:00 DEBUG 19790 --- [kafka-service] [reshExecutor-%d] o.s.web.client.RestTemplate              : HTTP GET http://localhost:8761/eureka/apps/delta
2025-10-19T17:08:14.580+01:00 DEBUG 19790 --- [kafka-service] [reshExecutor-%d] o.s.web.client.RestTemplate              : Accept=[application/json, application/*+json]
2025-10-19T17:08:14.584+01:00 DEBUG 19790 --- [kafka-service] [reshExecutor-%d] o.s.web.client.RestTemplate              : Response 200 OK
2025-10-19T17:08:14.584+01:00 DEBUG 19790 --- [kafka-service] [reshExecutor-%d] o.s.web.client.RestTemplate              : Reading to [org.springframework.cloud.netflix.eureka.http.EurekaApplications]
2025-10-19T17:08:42.809+01:00  INFO 19790 --- [kafka-service] [rap-executor-%d] c.n.d.s.r.aws.ConfigClusterResolver      : Resolving eureka endpoints via configuration
2025-10-19T17:08:44.526+01:00 DEBUG 19790 --- [kafka-service] [beatExecutor-%d] o.s.web.client.RestTemplate              : HTTP PUT http://localhost:8761/eureka/apps/KAFKA-SERVICE/192.168.189.1:kafka-service:8087?status=UP&lastDirtyTimestamp=1760888924309
2025-10-19T17:08:44.528+01:00 DEBUG 19790 --- [kafka-service] [beatExecutor-%d] o.s.web.client.RestTemplate              : Accept=[application/json, application/*+json]
2025-10-19T17:08:44.535+01:00 DEBUG 19790 --- [kafka-service] [beatExecutor-%d] o.s.web.client.RestTemplate              : Response 200 OK
2025-10-19T17:08:44.586+01:00 DEBUG 19790 --- [kafka-service] [reshExecutor-%d] o.s.web.client.RestTemplate              : HTTP GET http://localhost:8761/eureka/apps/delta
2025-10-19T17:08:44.586+01:00 DEBUG 19790 --- [kafka-service] [reshExecutor-%d] o.s.web.client.RestTemplate              : Accept=[application/json, application/*+json]
2025-10-19T17:08:44.590+01:00 DEBUG 19790 --- [kafka-service] [reshExecutor-%d] o.s.web.client.RestTemplate              : Response 200 OK
2025-10-19T17:08:44.590+01:00 DEBUG 19790 --- [kafka-service] [reshExecutor-%d] o.s.web.client.RestTemplate              : Reading to [org.springframework.cloud.netflix.eureka.http.EurekaApplications]
2025-10-19T17:09:14.536+01:00 DEBUG 19790 --- [kafka-service] [beatExecutor-%d] o.s.web.client.RestTemplate              : HTTP PUT http://localhost:8761/eureka/apps/KAFKA-SERVICE/192.168.189.1:kafka-service:8087?status=UP&lastDirtyTimestamp=1760888924309
2025-10-19T17:09:14.536+01:00 DEBUG 19790 --- [kafka-service] [beatExecutor-%d] o.s.web.client.RestTemplate              : Accept=[application/json, application/*+json]
2025-10-19T17:09:14.540+01:00 DEBUG 19790 --- [kafka-service] [beatExecutor-%d] o.s.web.client.RestTemplate              : Response 200 OK
2025-10-19T17:09:14.592+01:00 DEBUG 19790 --- [kafka-service] [reshExecutor-%d] o.s.web.client.RestTemplate              : HTTP GET http://localhost:8761/eureka/apps/delta
2025-10-19T17:09:14.593+01:00 DEBUG 19790 --- [kafka-service] [reshExecutor-%d] o.s.web.client.RestTemplate              : Accept=[application/json, application/*+json]
2025-10-19T17:09:14.597+01:00 DEBUG 19790 --- [kafka-service] [reshExecutor-%d] o.s.web.client.RestTemplate              : Response 200 OK
2025-10-19T17:09:14.597+01:00 DEBUG 19790 --- [kafka-service] [reshExecutor-%d] o.s.web.client.RestTemplate              : Reading to [org.springframework.cloud.netflix.eureka.http.EurekaApplications]
2025-10-19T17:09:44.541+01:00 DEBUG 19790 --- [kafka-service] [beatExecutor-%d] o.s.web.client.RestTemplate              : HTTP PUT http://localhost:8761/eureka/apps/KAFKA-SERVICE/192.168.189.1:kafka-service:8087?status=UP&lastDirtyTimestamp=1760888924309
2025-10-19T17:09:44.542+01:00 DEBUG 19790 --- [kafka-service] [beatExecutor-%d] o.s.web.client.RestTemplate              : Accept=[application/json, application/*+json]
2025-10-19T17:09:44.547+01:00 DEBUG 19790 --- [kafka-service] [beatExecutor-%d] o.s.web.client.RestTemplate              : Response 200 OK
2025-10-19T17:09:44.599+01:00 DEBUG 19790 --- [kafka-service] [reshExecutor-%d] o.s.web.client.RestTemplate              : HTTP GET http://localhost:8761/eureka/apps/delta
2025-10-19T17:09:44.599+01:00 DEBUG 19790 --- [kafka-service] [reshExecutor-%d] o.s.web.client.RestTemplate              : Accept=[application/json, application/*+json]
2025-10-19T17:09:44.604+01:00 DEBUG 19790 --- [kafka-service] [reshExecutor-%d] o.s.web.client.RestTemplate              : Response 200 OK
2025-10-19T17:09:44.604+01:00 DEBUG 19790 --- [kafka-service] [reshExecutor-%d] o.s.web.client.RestTemplate              : Reading to [org.springframework.cloud.netflix.eureka.http.EurekaApplications]
2025-10-19T17:10:14.548+01:00 DEBUG 19790 --- [kafka-service] [beatExecutor-%d] o.s.web.client.RestTemplate              : HTTP PUT http://localhost:8761/eureka/apps/KAFKA-SERVICE/192.168.189.1:kafka-service:8087?status=UP&lastDirtyTimestamp=1760888924309
2025-10-19T17:10:14.549+01:00 DEBUG 19790 --- [kafka-service] [beatExecutor-%d] o.s.web.client.RestTemplate              : Accept=[application/json, application/*+json]
2025-10-19T17:10:14.554+01:00 DEBUG 19790 --- [kafka-service] [beatExecutor-%d] o.s.web.client.RestTemplate              : Response 200 OK
2025-10-19T17:10:14.606+01:00 DEBUG 19790 --- [kafka-service] [reshExecutor-%d] o.s.web.client.RestTemplate              : HTTP GET http://localhost:8761/eureka/apps/delta
2025-10-19T17:10:14.607+01:00 DEBUG 19790 --- [kafka-service] [reshExecutor-%d] o.s.web.client.RestTemplate              : Accept=[application/json, application/*+json]
2025-10-19T17:10:14.611+01:00 DEBUG 19790 --- [kafka-service] [reshExecutor-%d] o.s.web.client.RestTemplate              : Response 200 OK
2025-10-19T17:10:14.611+01:00 DEBUG 19790 --- [kafka-service] [reshExecutor-%d] o.s.web.client.RestTemplate              : Reading to [org.springframework.cloud.netflix.eureka.http.EurekaApplications]
2025-10-19T17:10:44.558+01:00 DEBUG 19790 --- [kafka-service] [beatExecutor-%d] o.s.web.client.RestTemplate              : HTTP PUT http://localhost:8761/eureka/apps/KAFKA-SERVICE/192.168.189.1:kafka-service:8087?status=UP&lastDirtyTimestamp=1760888924309
2025-10-19T17:10:44.559+01:00 DEBUG 19790 --- [kafka-service] [beatExecutor-%d] o.s.web.client.RestTemplate              : Accept=[application/json, application/*+json]
2025-10-19T17:10:44.565+01:00 DEBUG 19790 --- [kafka-service] [beatExecutor-%d] o.s.web.client.RestTemplate              : Response 200 OK
2025-10-19T17:10:44.613+01:00 DEBUG 19790 --- [kafka-service] [reshExecutor-%d] o.s.web.client.RestTemplate              : HTTP GET http://localhost:8761/eureka/apps/delta
2025-10-19T17:10:44.613+01:00 DEBUG 19790 --- [kafka-service] [reshExecutor-%d] o.s.web.client.RestTemplate              : Accept=[application/json, application/*+json]
2025-10-19T17:10:44.616+01:00 DEBUG 19790 --- [kafka-service] [reshExecutor-%d] o.s.web.client.RestTemplate              : Response 200 OK
2025-10-19T17:10:44.617+01:00 DEBUG 19790 --- [kafka-service] [reshExecutor-%d] o.s.web.client.RestTemplate              : Reading to [org.springframework.cloud.netflix.eureka.http.EurekaApplications]
2025-10-19T17:11:14.566+01:00 DEBUG 19790 --- [kafka-service] [beatExecutor-%d] o.s.web.client.RestTemplate              : HTTP PUT http://localhost:8761/eureka/apps/KAFKA-SERVICE/192.168.189.1:kafka-service:8087?status=UP&lastDirtyTimestamp=1760888924309
2025-10-19T17:11:14.567+01:00 DEBUG 19790 --- [kafka-service] [beatExecutor-%d] o.s.web.client.RestTemplate              : Accept=[application/json, application/*+json]
2025-10-19T17:11:14.572+01:00 DEBUG 19790 --- [kafka-service] [beatExecutor-%d] o.s.web.client.RestTemplate              : Response 200 OK
2025-10-19T17:11:14.618+01:00 DEBUG 19790 --- [kafka-service] [reshExecutor-%d] o.s.web.client.RestTemplate              : HTTP GET http://localhost:8761/eureka/apps/delta
2025-10-19T17:11:14.619+01:00 DEBUG 19790 --- [kafka-service] [reshExecutor-%d] o.s.web.client.RestTemplate              : Accept=[application/json, application/*+json]
2025-10-19T17:11:14.623+01:00 DEBUG 19790 --- [kafka-service] [reshExecutor-%d] o.s.web.client.RestTemplate              : Response 200 OK
2025-10-19T17:11:14.624+01:00 DEBUG 19790 --- [kafka-service] [reshExecutor-%d] o.s.web.client.RestTemplate              : Reading to [org.springframework.cloud.netflix.eureka.http.EurekaApplications]
2025-10-19T17:11:44.573+01:00 DEBUG 19790 --- [kafka-service] [beatExecutor-%d] o.s.web.client.RestTemplate              : HTTP PUT http://localhost:8761/eureka/apps/KAFKA-SERVICE/192.168.189.1:kafka-service:8087?status=UP&lastDirtyTimestamp=1760888924309
2025-10-19T17:11:44.573+01:00 DEBUG 19790 --- [kafka-service] [beatExecutor-%d] o.s.web.client.RestTemplate              : Accept=[application/json, application/*+json]
2025-10-19T17:11:44.578+01:00 DEBUG 19790 --- [kafka-service] [beatExecutor-%d] o.s.web.client.RestTemplate              : Response 200 OK
2025-10-19T17:11:44.626+01:00 DEBUG 19790 --- [kafka-service] [reshExecutor-%d] o.s.web.client.RestTemplate              : HTTP GET http://localhost:8761/eureka/apps/delta
2025-10-19T17:11:44.626+01:00 DEBUG 19790 --- [kafka-service] [reshExecutor-%d] o.s.web.client.RestTemplate              : Accept=[application/json, application/*+json]
2025-10-19T17:11:44.630+01:00 DEBUG 19790 --- [kafka-service] [reshExecutor-%d] o.s.web.client.RestTemplate              : Response 200 OK
2025-10-19T17:11:44.631+01:00 DEBUG 19790 --- [kafka-service] [reshExecutor-%d] o.s.web.client.RestTemplate              : Reading to [org.springframework.cloud.netflix.eureka.http.EurekaApplications]
2025-10-19T17:12:14.580+01:00 DEBUG 19790 --- [kafka-service] [beatExecutor-%d] o.s.web.client.RestTemplate              : HTTP PUT http://localhost:8761/eureka/apps/KAFKA-SERVICE/192.168.189.1:kafka-service:8087?status=UP&lastDirtyTimestamp=1760888924309
2025-10-19T17:12:14.580+01:00 DEBUG 19790 --- [kafka-service] [beatExecutor-%d] o.s.web.client.RestTemplate              : Accept=[application/json, application/*+json]
2025-10-19T17:12:14.584+01:00 DEBUG 19790 --- [kafka-service] [beatExecutor-%d] o.s.web.client.RestTemplate              : Response 200 OK
2025-10-19T17:12:14.632+01:00 DEBUG 19790 --- [kafka-service] [reshExecutor-%d] o.s.web.client.RestTemplate              : HTTP GET http://localhost:8761/eureka/apps/delta
2025-10-19T17:12:14.633+01:00 DEBUG 19790 --- [kafka-service] [reshExecutor-%d] o.s.web.client.RestTemplate              : Accept=[application/json, application/*+json]
2025-10-19T17:12:14.638+01:00 DEBUG 19790 --- [kafka-service] [reshExecutor-%d] o.s.web.client.RestTemplate              : Response 200 OK
2025-10-19T17:12:14.639+01:00 DEBUG 19790 --- [kafka-service] [reshExecutor-%d] o.s.web.client.RestTemplate              : Reading to [org.springframework.cloud.netflix.eureka.http.EurekaApplications]
2025-10-19T17:12:44.586+01:00 DEBUG 19790 --- [kafka-service] [beatExecutor-%d] o.s.web.client.RestTemplate              : HTTP PUT http://localhost:8761/eureka/apps/KAFKA-SERVICE/192.168.189.1:kafka-service:8087?status=UP&lastDirtyTimestamp=1760888924309
2025-10-19T17:12:44.587+01:00 DEBUG 19790 --- [kafka-service] [beatExecutor-%d] o.s.web.client.RestTemplate              : Accept=[application/json, application/*+json]
2025-10-19T17:12:44.591+01:00 DEBUG 19790 --- [kafka-service] [beatExecutor-%d] o.s.web.client.RestTemplate              : Response 200 OK
2025-10-19T17:12:44.641+01:00 DEBUG 19790 --- [kafka-service] [reshExecutor-%d] o.s.web.client.RestTemplate              : HTTP GET http://localhost:8761/eureka/apps/delta
2025-10-19T17:12:44.642+01:00 DEBUG 19790 --- [kafka-service] [reshExecutor-%d] o.s.web.client.RestTemplate              : Accept=[application/json, application/*+json]
2025-10-19T17:12:44.646+01:00 DEBUG 19790 --- [kafka-service] [reshExecutor-%d] o.s.web.client.RestTemplate              : Response 200 OK
2025-10-19T17:12:44.646+01:00 DEBUG 19790 --- [kafka-service] [reshExecutor-%d] o.s.web.client.RestTemplate              : Reading to [org.springframework.cloud.netflix.eureka.http.EurekaApplications]
2025-10-19T17:13:14.593+01:00 DEBUG 19790 --- [kafka-service] [beatExecutor-%d] o.s.web.client.RestTemplate              : HTTP PUT http://localhost:8761/eureka/apps/KAFKA-SERVICE/192.168.189.1:kafka-service:8087?status=UP&lastDirtyTimestamp=1760888924309
2025-10-19T17:13:14.594+01:00 DEBUG 19790 --- [kafka-service] [beatExecutor-%d] o.s.web.client.RestTemplate              : Accept=[application/json, application/*+json]
2025-10-19T17:13:14.598+01:00 DEBUG 19790 --- [kafka-service] [beatExecutor-%d] o.s.web.client.RestTemplate              : Response 200 OK
2025-10-19T17:13:14.649+01:00 DEBUG 19790 --- [kafka-service] [reshExecutor-%d] o.s.web.client.RestTemplate              : HTTP GET http://localhost:8761/eureka/apps/delta
2025-10-19T17:13:14.649+01:00 DEBUG 19790 --- [kafka-service] [reshExecutor-%d] o.s.web.client.RestTemplate              : Accept=[application/json, application/*+json]
2025-10-19T17:13:14.654+01:00 DEBUG 19790 --- [kafka-service] [reshExecutor-%d] o.s.web.client.RestTemplate              : Response 200 OK
2025-10-19T17:13:14.654+01:00 DEBUG 19790 --- [kafka-service] [reshExecutor-%d] o.s.web.client.RestTemplate              : Reading to [org.springframework.cloud.netflix.eureka.http.EurekaApplications]
2025-10-19T17:13:42.810+01:00  INFO 19790 --- [kafka-service] [rap-executor-%d] c.n.d.s.r.aws.ConfigClusterResolver      : Resolving eureka endpoints via configuration
2025-10-19T17:13:44.599+01:00 DEBUG 19790 --- [kafka-service] [beatExecutor-%d] o.s.web.client.RestTemplate              : HTTP PUT http://localhost:8761/eureka/apps/KAFKA-SERVICE/192.168.189.1:kafka-service:8087?status=UP&lastDirtyTimestamp=1760888924309
2025-10-19T17:13:44.600+01:00 DEBUG 19790 --- [kafka-service] [beatExecutor-%d] o.s.web.client.RestTemplate              : Accept=[application/json, application/*+json]
2025-10-19T17:13:44.604+01:00 DEBUG 19790 --- [kafka-service] [beatExecutor-%d] o.s.web.client.RestTemplate              : Response 200 OK
2025-10-19T17:13:44.656+01:00 DEBUG 19790 --- [kafka-service] [reshExecutor-%d] o.s.web.client.RestTemplate              : HTTP GET http://localhost:8761/eureka/apps/delta
2025-10-19T17:13:44.656+01:00 DEBUG 19790 --- [kafka-service] [reshExecutor-%d] o.s.web.client.RestTemplate              : Accept=[application/json, application/*+json]
2025-10-19T17:13:44.661+01:00 DEBUG 19790 --- [kafka-service] [reshExecutor-%d] o.s.web.client.RestTemplate              : Response 200 OK
2025-10-19T17:13:44.661+01:00 DEBUG 19790 --- [kafka-service] [reshExecutor-%d] o.s.web.client.RestTemplate              : Reading to [org.springframework.cloud.netflix.eureka.http.EurekaApplications]
2025-10-19T17:14:14.606+01:00 DEBUG 19790 --- [kafka-service] [beatExecutor-%d] o.s.web.client.RestTemplate              : HTTP PUT http://localhost:8761/eureka/apps/KAFKA-SERVICE/192.168.189.1:kafka-service:8087?status=UP&lastDirtyTimestamp=1760888924309
2025-10-19T17:14:14.606+01:00 DEBUG 19790 --- [kafka-service] [beatExecutor-%d] o.s.web.client.RestTemplate              : Accept=[application/json, application/*+json]
2025-10-19T17:14:14.611+01:00 DEBUG 19790 --- [kafka-service] [beatExecutor-%d] o.s.web.client.RestTemplate              : Response 200 OK
2025-10-19T17:14:14.663+01:00 DEBUG 19790 --- [kafka-service] [reshExecutor-%d] o.s.web.client.RestTemplate              : HTTP GET http://localhost:8761/eureka/apps/delta
2025-10-19T17:14:14.663+01:00 DEBUG 19790 --- [kafka-service] [reshExecutor-%d] o.s.web.client.RestTemplate              : Accept=[application/json, application/*+json]
2025-10-19T17:14:14.668+01:00 DEBUG 19790 --- [kafka-service] [reshExecutor-%d] o.s.web.client.RestTemplate              : Response 200 OK
2025-10-19T17:14:14.668+01:00 DEBUG 19790 --- [kafka-service] [reshExecutor-%d] o.s.web.client.RestTemplate              : Reading to [org.springframework.cloud.netflix.eureka.http.EurekaApplications]
2025-10-19T17:14:44.612+01:00 DEBUG 19790 --- [kafka-service] [beatExecutor-%d] o.s.web.client.RestTemplate              : HTTP PUT http://localhost:8761/eureka/apps/KAFKA-SERVICE/192.168.189.1:kafka-service:8087?status=UP&lastDirtyTimestamp=1760888924309
2025-10-19T17:14:44.613+01:00 DEBUG 19790 --- [kafka-service] [beatExecutor-%d] o.s.web.client.RestTemplate              : Accept=[application/json, application/*+json]
2025-10-19T17:14:44.617+01:00 DEBUG 19790 --- [kafka-service] [beatExecutor-%d] o.s.web.client.RestTemplate              : Response 200 OK
2025-10-19T17:14:44.670+01:00 DEBUG 19790 --- [kafka-service] [reshExecutor-%d] o.s.web.client.RestTemplate              : HTTP GET http://localhost:8761/eureka/apps/delta
2025-10-19T17:14:44.670+01:00 DEBUG 19790 --- [kafka-service] [reshExecutor-%d] o.s.web.client.RestTemplate              : Accept=[application/json, application/*+json]
2025-10-19T17:14:44.674+01:00 DEBUG 19790 --- [kafka-service] [reshExecutor-%d] o.s.web.client.RestTemplate              : Response 200 OK
2025-10-19T17:14:44.675+01:00 DEBUG 19790 --- [kafka-service] [reshExecutor-%d] o.s.web.client.RestTemplate              : Reading to [org.springframework.cloud.netflix.eureka.http.EurekaApplications]
2025-10-19T17:15:14.618+01:00 DEBUG 19790 --- [kafka-service] [beatExecutor-%d] o.s.web.client.RestTemplate              : HTTP PUT http://localhost:8761/eureka/apps/KAFKA-SERVICE/192.168.189.1:kafka-service:8087?status=UP&lastDirtyTimestamp=1760888924309
2025-10-19T17:15:14.618+01:00 DEBUG 19790 --- [kafka-service] [beatExecutor-%d] o.s.web.client.RestTemplate              : Accept=[application/json, application/*+json]
2025-10-19T17:15:14.623+01:00 DEBUG 19790 --- [kafka-service] [beatExecutor-%d] o.s.web.client.RestTemplate              : Response 200 OK
2025-10-19T17:15:14.676+01:00 DEBUG 19790 --- [kafka-service] [reshExecutor-%d] o.s.web.client.RestTemplate              : HTTP GET http://localhost:8761/eureka/apps/delta
2025-10-19T17:15:14.677+01:00 DEBUG 19790 --- [kafka-service] [reshExecutor-%d] o.s.web.client.RestTemplate              : Accept=[application/json, application/*+json]
2025-10-19T17:15:14.681+01:00 DEBUG 19790 --- [kafka-service] [reshExecutor-%d] o.s.web.client.RestTemplate              : Response 200 OK
2025-10-19T17:15:14.681+01:00 DEBUG 19790 --- [kafka-service] [reshExecutor-%d] o.s.web.client.RestTemplate              : Reading to [org.springframework.cloud.netflix.eureka.http.EurekaApplications]
2025-10-19T17:15:44.624+01:00 DEBUG 19790 --- [kafka-service] [beatExecutor-%d] o.s.web.client.RestTemplate              : HTTP PUT http://localhost:8761/eureka/apps/KAFKA-SERVICE/192.168.189.1:kafka-service:8087?status=UP&lastDirtyTimestamp=1760888924309
2025-10-19T17:15:44.625+01:00 DEBUG 19790 --- [kafka-service] [beatExecutor-%d] o.s.web.client.RestTemplate              : Accept=[application/json, application/*+json]
2025-10-19T17:15:44.629+01:00 DEBUG 19790 --- [kafka-service] [beatExecutor-%d] o.s.web.client.RestTemplate              : Response 200 OK
2025-10-19T17:15:44.683+01:00 DEBUG 19790 --- [kafka-service] [reshExecutor-%d] o.s.web.client.RestTemplate              : HTTP GET http://localhost:8761/eureka/apps/delta
2025-10-19T17:15:44.684+01:00 DEBUG 19790 --- [kafka-service] [reshExecutor-%d] o.s.web.client.RestTemplate              : Accept=[application/json, application/*+json]
2025-10-19T17:15:44.688+01:00 DEBUG 19790 --- [kafka-service] [reshExecutor-%d] o.s.web.client.RestTemplate              : Response 200 OK
2025-10-19T17:15:44.689+01:00 DEBUG 19790 --- [kafka-service] [reshExecutor-%d] o.s.web.client.RestTemplate              : Reading to [org.springframework.cloud.netflix.eureka.http.EurekaApplications]
2025-10-19T17:16:14.630+01:00 DEBUG 19790 --- [kafka-service] [beatExecutor-%d] o.s.web.client.RestTemplate              : HTTP PUT http://localhost:8761/eureka/apps/KAFKA-SERVICE/192.168.189.1:kafka-service:8087?status=UP&lastDirtyTimestamp=1760888924309
2025-10-19T17:16:14.630+01:00 DEBUG 19790 --- [kafka-service] [beatExecutor-%d] o.s.web.client.RestTemplate              : Accept=[application/json, application/*+json]
2025-10-19T17:16:14.634+01:00 DEBUG 19790 --- [kafka-service] [beatExecutor-%d] o.s.web.client.RestTemplate              : Response 200 OK
2025-10-19T17:16:14.691+01:00 DEBUG 19790 --- [kafka-service] [reshExecutor-%d] o.s.web.client.RestTemplate              : HTTP GET http://localhost:8761/eureka/apps/delta
2025-10-19T17:16:14.691+01:00 DEBUG 19790 --- [kafka-service] [reshExecutor-%d] o.s.web.client.RestTemplate              : Accept=[application/json, application/*+json]
2025-10-19T17:16:14.695+01:00 DEBUG 19790 --- [kafka-service] [reshExecutor-%d] o.s.web.client.RestTemplate              : Response 200 OK
2025-10-19T17:16:14.696+01:00 DEBUG 19790 --- [kafka-service] [reshExecutor-%d] o.s.web.client.RestTemplate              : Reading to [org.springframework.cloud.netflix.eureka.http.EurekaApplications]
2025-10-19T17:16:44.635+01:00 DEBUG 19790 --- [kafka-service] [beatExecutor-%d] o.s.web.client.RestTemplate              : HTTP PUT http://localhost:8761/eureka/apps/KAFKA-SERVICE/192.168.189.1:kafka-service:8087?status=UP&lastDirtyTimestamp=1760888924309
2025-10-19T17:16:44.636+01:00 DEBUG 19790 --- [kafka-service] [beatExecutor-%d] o.s.web.client.RestTemplate              : Accept=[application/json, application/*+json]
2025-10-19T17:16:44.639+01:00 DEBUG 19790 --- [kafka-service] [beatExecutor-%d] o.s.web.client.RestTemplate              : Response 200 OK
2025-10-19T17:16:44.697+01:00 DEBUG 19790 --- [kafka-service] [reshExecutor-%d] o.s.web.client.RestTemplate              : HTTP GET http://localhost:8761/eureka/apps/delta
2025-10-19T17:16:44.698+01:00 DEBUG 19790 --- [kafka-service] [reshExecutor-%d] o.s.web.client.RestTemplate              : Accept=[application/json, application/*+json]
2025-10-19T17:16:44.702+01:00 DEBUG 19790 --- [kafka-service] [reshExecutor-%d] o.s.web.client.RestTemplate              : Response 200 OK
2025-10-19T17:16:44.702+01:00 DEBUG 19790 --- [kafka-service] [reshExecutor-%d] o.s.web.client.RestTemplate              : Reading to [org.springframework.cloud.netflix.eureka.http.EurekaApplications]
2025-10-19T17:17:14.640+01:00 DEBUG 19790 --- [kafka-service] [beatExecutor-%d] o.s.web.client.RestTemplate              : HTTP PUT http://localhost:8761/eureka/apps/KAFKA-SERVICE/192.168.189.1:kafka-service:8087?status=UP&lastDirtyTimestamp=1760888924309
2025-10-19T17:17:14.640+01:00 DEBUG 19790 --- [kafka-service] [beatExecutor-%d] o.s.web.client.RestTemplate              : Accept=[application/json, application/*+json]
2025-10-19T17:17:14.644+01:00 DEBUG 19790 --- [kafka-service] [beatExecutor-%d] o.s.web.client.RestTemplate              : Response 200 OK
2025-10-19T17:17:14.704+01:00 DEBUG 19790 --- [kafka-service] [reshExecutor-%d] o.s.web.client.RestTemplate              : HTTP GET http://localhost:8761/eureka/apps/delta
2025-10-19T17:17:14.704+01:00 DEBUG 19790 --- [kafka-service] [reshExecutor-%d] o.s.web.client.RestTemplate              : Accept=[application/json, application/*+json]
2025-10-19T17:17:14.708+01:00 DEBUG 19790 --- [kafka-service] [reshExecutor-%d] o.s.web.client.RestTemplate              : Response 200 OK
2025-10-19T17:17:14.709+01:00 DEBUG 19790 --- [kafka-service] [reshExecutor-%d] o.s.web.client.RestTemplate              : Reading to [org.springframework.cloud.netflix.eureka.http.EurekaApplications]
2025-10-19T17:17:44.645+01:00 DEBUG 19790 --- [kafka-service] [beatExecutor-%d] o.s.web.client.RestTemplate              : HTTP PUT http://localhost:8761/eureka/apps/KAFKA-SERVICE/192.168.189.1:kafka-service:8087?status=UP&lastDirtyTimestamp=1760888924309
2025-10-19T17:17:44.645+01:00 DEBUG 19790 --- [kafka-service] [beatExecutor-%d] o.s.web.client.RestTemplate              : Accept=[application/json, application/*+json]
2025-10-19T17:17:44.649+01:00 DEBUG 19790 --- [kafka-service] [beatExecutor-%d] o.s.web.client.RestTemplate              : Response 200 OK
2025-10-19T17:17:44.710+01:00 DEBUG 19790 --- [kafka-service] [reshExecutor-%d] o.s.web.client.RestTemplate              : HTTP GET http://localhost:8761/eureka/apps/delta
2025-10-19T17:17:44.710+01:00 DEBUG 19790 --- [kafka-service] [reshExecutor-%d] o.s.web.client.RestTemplate              : Accept=[application/json, application/*+json]
2025-10-19T17:17:44.713+01:00 DEBUG 19790 --- [kafka-service] [reshExecutor-%d] o.s.web.client.RestTemplate              : Response 200 OK
2025-10-19T17:17:44.713+01:00 DEBUG 19790 --- [kafka-service] [reshExecutor-%d] o.s.web.client.RestTemplate              : Reading to [org.springframework.cloud.netflix.eureka.http.EurekaApplications]
2025-10-19T17:18:14.650+01:00 DEBUG 19790 --- [kafka-service] [beatExecutor-%d] o.s.web.client.RestTemplate              : HTTP PUT http://localhost:8761/eureka/apps/KAFKA-SERVICE/192.168.189.1:kafka-service:8087?status=UP&lastDirtyTimestamp=1760888924309
2025-10-19T17:18:14.651+01:00 DEBUG 19790 --- [kafka-service] [beatExecutor-%d] o.s.web.client.RestTemplate              : Accept=[application/json, application/*+json]
2025-10-19T17:18:14.655+01:00 DEBUG 19790 --- [kafka-service] [beatExecutor-%d] o.s.web.client.RestTemplate              : Response 200 OK
2025-10-19T17:18:14.715+01:00 DEBUG 19790 --- [kafka-service] [reshExecutor-%d] o.s.web.client.RestTemplate              : HTTP GET http://localhost:8761/eureka/apps/delta
2025-10-19T17:18:14.715+01:00 DEBUG 19790 --- [kafka-service] [reshExecutor-%d] o.s.web.client.RestTemplate              : Accept=[application/json, application/*+json]
2025-10-19T17:18:14.719+01:00 DEBUG 19790 --- [kafka-service] [reshExecutor-%d] o.s.web.client.RestTemplate              : Response 200 OK
2025-10-19T17:18:14.719+01:00 DEBUG 19790 --- [kafka-service] [reshExecutor-%d] o.s.web.client.RestTemplate              : Reading to [org.springframework.cloud.netflix.eureka.http.EurekaApplications]
2025-10-19T17:18:42.812+01:00  INFO 19790 --- [kafka-service] [rap-executor-%d] c.n.d.s.r.aws.ConfigClusterResolver      : Resolving eureka endpoints via configuration
2025-10-19T17:43:29.188+01:00 DEBUG 19790 --- [kafka-service] [beatExecutor-%d] o.s.web.client.RestTemplate              : HTTP PUT http://localhost:8761/eureka/apps/KAFKA-SERVICE/192.168.189.1:kafka-service:8087?status=UP&lastDirtyTimestamp=1760888924309
2025-10-19T17:43:29.203+01:00 DEBUG 19790 --- [kafka-service] [beatExecutor-%d] o.s.web.client.RestTemplate              : Accept=[application/json, application/*+json]
2025-10-19T17:43:29.210+01:00 DEBUG 19790 --- [kafka-service] [beatExecutor-%d] o.s.web.client.RestTemplate              : Response 200 OK
2025-10-19T17:43:29.218+01:00 DEBUG 19790 --- [kafka-service] [reshExecutor-%d] o.s.web.client.RestTemplate              : HTTP GET http://localhost:8761/eureka/apps/delta
2025-10-19T17:43:29.231+01:00 DEBUG 19790 --- [kafka-service] [reshExecutor-%d] o.s.web.client.RestTemplate              : Accept=[application/json, application/*+json]
2025-10-19T17:43:29.234+01:00 DEBUG 19790 --- [kafka-service] [reshExecutor-%d] o.s.web.client.RestTemplate              : Response 200 OK
2025-10-19T17:43:29.234+01:00 DEBUG 19790 --- [kafka-service] [reshExecutor-%d] o.s.web.client.RestTemplate              : Reading to [org.springframework.cloud.netflix.eureka.http.EurekaApplications]
2025-10-19T17:43:59.211+01:00 DEBUG 19790 --- [kafka-service] [beatExecutor-%d] o.s.web.client.RestTemplate              : HTTP PUT http://localhost:8761/eureka/apps/KAFKA-SERVICE/192.168.189.1:kafka-service:8087?status=UP&lastDirtyTimestamp=1760888924309
2025-10-19T17:43:59.211+01:00 DEBUG 19790 --- [kafka-service] [beatExecutor-%d] o.s.web.client.RestTemplate              : Accept=[application/json, application/*+json]
2025-10-19T17:43:59.215+01:00 DEBUG 19790 --- [kafka-service] [beatExecutor-%d] o.s.web.client.RestTemplate              : Response 200 OK
2025-10-19T17:43:59.235+01:00 DEBUG 19790 --- [kafka-service] [reshExecutor-%d] o.s.web.client.RestTemplate              : HTTP GET http://localhost:8761/eureka/apps/delta
2025-10-19T17:43:59.235+01:00 DEBUG 19790 --- [kafka-service] [reshExecutor-%d] o.s.web.client.RestTemplate              : Accept=[application/json, application/*+json]
2025-10-19T17:43:59.239+01:00 DEBUG 19790 --- [kafka-service] [reshExecutor-%d] o.s.web.client.RestTemplate              : Response 200 OK
2025-10-19T17:43:59.239+01:00 DEBUG 19790 --- [kafka-service] [reshExecutor-%d] o.s.web.client.RestTemplate              : Reading to [org.springframework.cloud.netflix.eureka.http.EurekaApplications]
2025-10-19T17:44:29.216+01:00 DEBUG 19790 --- [kafka-service] [beatExecutor-%d] o.s.web.client.RestTemplate              : HTTP PUT http://localhost:8761/eureka/apps/KAFKA-SERVICE/192.168.189.1:kafka-service:8087?status=UP&lastDirtyTimestamp=1760888924309
2025-10-19T17:44:29.216+01:00 DEBUG 19790 --- [kafka-service] [beatExecutor-%d] o.s.web.client.RestTemplate              : Accept=[application/json, application/*+json]
2025-10-19T17:44:29.220+01:00 DEBUG 19790 --- [kafka-service] [beatExecutor-%d] o.s.web.client.RestTemplate              : Response 200 OK
2025-10-19T17:44:29.241+01:00 DEBUG 19790 --- [kafka-service] [reshExecutor-%d] o.s.web.client.RestTemplate              : HTTP GET http://localhost:8761/eureka/apps/delta
2025-10-19T17:44:29.241+01:00 DEBUG 19790 --- [kafka-service] [reshExecutor-%d] o.s.web.client.RestTemplate              : Accept=[application/json, application/*+json]
2025-10-19T17:44:29.245+01:00 DEBUG 19790 --- [kafka-service] [reshExecutor-%d] o.s.web.client.RestTemplate              : Response 200 OK
2025-10-19T17:44:29.245+01:00 DEBUG 19790 --- [kafka-service] [reshExecutor-%d] o.s.web.client.RestTemplate              : Reading to [org.springframework.cloud.netflix.eureka.http.EurekaApplications]
2025-10-19T17:44:59.222+01:00 DEBUG 19790 --- [kafka-service] [beatExecutor-%d] o.s.web.client.RestTemplate              : HTTP PUT http://localhost:8761/eureka/apps/KAFKA-SERVICE/192.168.189.1:kafka-service:8087?status=UP&lastDirtyTimestamp=1760888924309
2025-10-19T17:44:59.222+01:00 DEBUG 19790 --- [kafka-service] [beatExecutor-%d] o.s.web.client.RestTemplate              : Accept=[application/json, application/*+json]
2025-10-19T17:44:59.227+01:00 DEBUG 19790 --- [kafka-service] [beatExecutor-%d] o.s.web.client.RestTemplate              : Response 200 OK
2025-10-19T17:44:59.247+01:00 DEBUG 19790 --- [kafka-service] [reshExecutor-%d] o.s.web.client.RestTemplate              : HTTP GET http://localhost:8761/eureka/apps/delta
2025-10-19T17:44:59.247+01:00 DEBUG 19790 --- [kafka-service] [reshExecutor-%d] o.s.web.client.RestTemplate              : Accept=[application/json, application/*+json]
2025-10-19T17:44:59.252+01:00 DEBUG 19790 --- [kafka-service] [reshExecutor-%d] o.s.web.client.RestTemplate              : Response 200 OK
2025-10-19T17:44:59.253+01:00 DEBUG 19790 --- [kafka-service] [reshExecutor-%d] o.s.web.client.RestTemplate              : Reading to [org.springframework.cloud.netflix.eureka.http.EurekaApplications]
2025-10-19T17:45:29.228+01:00 DEBUG 19790 --- [kafka-service] [beatExecutor-%d] o.s.web.client.RestTemplate              : HTTP PUT http://localhost:8761/eureka/apps/KAFKA-SERVICE/192.168.189.1:kafka-service:8087?status=UP&lastDirtyTimestamp=1760888924309
2025-10-19T17:45:29.228+01:00 DEBUG 19790 --- [kafka-service] [beatExecutor-%d] o.s.web.client.RestTemplate              : Accept=[application/json, application/*+json]
2025-10-19T17:45:29.233+01:00 DEBUG 19790 --- [kafka-service] [beatExecutor-%d] o.s.web.client.RestTemplate              : Response 200 OK
2025-10-19T17:45:29.254+01:00 DEBUG 19790 --- [kafka-service] [reshExecutor-%d] o.s.web.client.RestTemplate              : HTTP GET http://localhost:8761/eureka/apps/delta
2025-10-19T17:45:29.255+01:00 DEBUG 19790 --- [kafka-service] [reshExecutor-%d] o.s.web.client.RestTemplate              : Accept=[application/json, application/*+json]
2025-10-19T17:45:29.259+01:00 DEBUG 19790 --- [kafka-service] [reshExecutor-%d] o.s.web.client.RestTemplate              : Response 200 OK
2025-10-19T17:45:29.259+01:00 DEBUG 19790 --- [kafka-service] [reshExecutor-%d] o.s.web.client.RestTemplate              : Reading to [org.springframework.cloud.netflix.eureka.http.EurekaApplications]
2025-10-19T17:45:59.234+01:00 DEBUG 19790 --- [kafka-service] [beatExecutor-%d] o.s.web.client.RestTemplate              : HTTP PUT http://localhost:8761/eureka/apps/KAFKA-SERVICE/192.168.189.1:kafka-service:8087?status=UP&lastDirtyTimestamp=1760888924309
2025-10-19T17:45:59.235+01:00 DEBUG 19790 --- [kafka-service] [beatExecutor-%d] o.s.web.client.RestTemplate              : Accept=[application/json, application/*+json]
2025-10-19T17:45:59.239+01:00 DEBUG 19790 --- [kafka-service] [beatExecutor-%d] o.s.web.client.RestTemplate              : Response 200 OK
2025-10-19T17:45:59.261+01:00 DEBUG 19790 --- [kafka-service] [reshExecutor-%d] o.s.web.client.RestTemplate              : HTTP GET http://localhost:8761/eureka/apps/delta
2025-10-19T17:45:59.261+01:00 DEBUG 19790 --- [kafka-service] [reshExecutor-%d] o.s.web.client.RestTemplate              : Accept=[application/json, application/*+json]
2025-10-19T17:45:59.266+01:00 DEBUG 19790 --- [kafka-service] [reshExecutor-%d] o.s.web.client.RestTemplate              : Response 200 OK
2025-10-19T17:45:59.266+01:00 DEBUG 19790 --- [kafka-service] [reshExecutor-%d] o.s.web.client.RestTemplate              : Reading to [org.springframework.cloud.netflix.eureka.http.EurekaApplications]
2025-10-19T17:46:29.241+01:00 DEBUG 19790 --- [kafka-service] [beatExecutor-%d] o.s.web.client.RestTemplate              : HTTP PUT http://localhost:8761/eureka/apps/KAFKA-SERVICE/192.168.189.1:kafka-service:8087?status=UP&lastDirtyTimestamp=1760888924309
2025-10-19T17:46:29.241+01:00 DEBUG 19790 --- [kafka-service] [beatExecutor-%d] o.s.web.client.RestTemplate              : Accept=[application/json, application/*+json]
2025-10-19T17:46:29.246+01:00 DEBUG 19790 --- [kafka-service] [beatExecutor-%d] o.s.web.client.RestTemplate              : Response 200 OK
2025-10-19T17:46:29.268+01:00 DEBUG 19790 --- [kafka-service] [reshExecutor-%d] o.s.web.client.RestTemplate              : HTTP GET http://localhost:8761/eureka/apps/delta
2025-10-19T17:46:29.268+01:00 DEBUG 19790 --- [kafka-service] [reshExecutor-%d] o.s.web.client.RestTemplate              : Accept=[application/json, application/*+json]
2025-10-19T17:46:29.272+01:00 DEBUG 19790 --- [kafka-service] [reshExecutor-%d] o.s.web.client.RestTemplate              : Response 200 OK
2025-10-19T17:46:29.272+01:00 DEBUG 19790 --- [kafka-service] [reshExecutor-%d] o.s.web.client.RestTemplate              : Reading to [org.springframework.cloud.netflix.eureka.http.EurekaApplications]
2025-10-19T17:46:59.247+01:00 DEBUG 19790 --- [kafka-service] [beatExecutor-%d] o.s.web.client.RestTemplate              : HTTP PUT http://localhost:8761/eureka/apps/KAFKA-SERVICE/192.168.189.1:kafka-service:8087?status=UP&lastDirtyTimestamp=1760888924309
2025-10-19T17:46:59.247+01:00 DEBUG 19790 --- [kafka-service] [beatExecutor-%d] o.s.web.client.RestTemplate              : Accept=[application/json, application/*+json]
2025-10-19T17:46:59.252+01:00 DEBUG 19790 --- [kafka-service] [beatExecutor-%d] o.s.web.client.RestTemplate              : Response 200 OK
2025-10-19T17:46:59.274+01:00 DEBUG 19790 --- [kafka-service] [reshExecutor-%d] o.s.web.client.RestTemplate              : HTTP GET http://localhost:8761/eureka/apps/delta
2025-10-19T17:46:59.274+01:00 DEBUG 19790 --- [kafka-service] [reshExecutor-%d] o.s.web.client.RestTemplate              : Accept=[application/json, application/*+json]
2025-10-19T17:46:59.278+01:00 DEBUG 19790 --- [kafka-service] [reshExecutor-%d] o.s.web.client.RestTemplate              : Response 200 OK
2025-10-19T17:46:59.278+01:00 DEBUG 19790 --- [kafka-service] [reshExecutor-%d] o.s.web.client.RestTemplate              : Reading to [org.springframework.cloud.netflix.eureka.http.EurekaApplications]
2025-10-19T17:47:29.253+01:00 DEBUG 19790 --- [kafka-service] [beatExecutor-%d] o.s.web.client.RestTemplate              : HTTP PUT http://localhost:8761/eureka/apps/KAFKA-SERVICE/192.168.189.1:kafka-service:8087?status=UP&lastDirtyTimestamp=1760888924309
2025-10-19T17:47:29.253+01:00 DEBUG 19790 --- [kafka-service] [beatExecutor-%d] o.s.web.client.RestTemplate              : Accept=[application/json, application/*+json]
2025-10-19T17:47:29.258+01:00 DEBUG 19790 --- [kafka-service] [beatExecutor-%d] o.s.web.client.RestTemplate              : Response 200 OK
2025-10-19T17:47:29.280+01:00 DEBUG 19790 --- [kafka-service] [reshExecutor-%d] o.s.web.client.RestTemplate              : HTTP GET http://localhost:8761/eureka/apps/delta
2025-10-19T17:47:29.280+01:00 DEBUG 19790 --- [kafka-service] [reshExecutor-%d] o.s.web.client.RestTemplate              : Accept=[application/json, application/*+json]
2025-10-19T17:47:29.284+01:00 DEBUG 19790 --- [kafka-service] [reshExecutor-%d] o.s.web.client.RestTemplate              : Response 200 OK
2025-10-19T17:47:29.285+01:00 DEBUG 19790 --- [kafka-service] [reshExecutor-%d] o.s.web.client.RestTemplate              : Reading to [org.springframework.cloud.netflix.eureka.http.EurekaApplications]
2025-10-19T17:47:59.259+01:00 DEBUG 19790 --- [kafka-service] [beatExecutor-%d] o.s.web.client.RestTemplate              : HTTP PUT http://localhost:8761/eureka/apps/KAFKA-SERVICE/192.168.189.1:kafka-service:8087?status=UP&lastDirtyTimestamp=1760888924309
2025-10-19T17:47:59.259+01:00 DEBUG 19790 --- [kafka-service] [beatExecutor-%d] o.s.web.client.RestTemplate              : Accept=[application/json, application/*+json]
2025-10-19T17:47:59.264+01:00 DEBUG 19790 --- [kafka-service] [beatExecutor-%d] o.s.web.client.RestTemplate              : Response 200 OK
2025-10-19T17:47:59.286+01:00 DEBUG 19790 --- [kafka-service] [reshExecutor-%d] o.s.web.client.RestTemplate              : HTTP GET http://localhost:8761/eureka/apps/delta
2025-10-19T17:47:59.287+01:00 DEBUG 19790 --- [kafka-service] [reshExecutor-%d] o.s.web.client.RestTemplate              : Accept=[application/json, application/*+json]
2025-10-19T17:47:59.290+01:00 DEBUG 19790 --- [kafka-service] [reshExecutor-%d] o.s.web.client.RestTemplate              : Response 200 OK
2025-10-19T17:47:59.291+01:00 DEBUG 19790 --- [kafka-service] [reshExecutor-%d] o.s.web.client.RestTemplate              : Reading to [org.springframework.cloud.netflix.eureka.http.EurekaApplications]
2025-10-19T17:48:27.306+01:00  INFO 19790 --- [kafka-service] [rap-executor-%d] c.n.d.s.r.aws.ConfigClusterResolver      : Resolving eureka endpoints via configuration
2025-10-19T17:48:29.265+01:00 DEBUG 19790 --- [kafka-service] [beatExecutor-%d] o.s.web.client.RestTemplate              : HTTP PUT http://localhost:8761/eureka/apps/KAFKA-SERVICE/192.168.189.1:kafka-service:8087?status=UP&lastDirtyTimestamp=1760888924309
2025-10-19T17:48:29.265+01:00 DEBUG 19790 --- [kafka-service] [beatExecutor-%d] o.s.web.client.RestTemplate              : Accept=[application/json, application/*+json]
2025-10-19T17:48:29.270+01:00 DEBUG 19790 --- [kafka-service] [beatExecutor-%d] o.s.web.client.RestTemplate              : Response 200 OK
2025-10-19T17:48:29.292+01:00 DEBUG 19790 --- [kafka-service] [reshExecutor-%d] o.s.web.client.RestTemplate              : HTTP GET http://localhost:8761/eureka/apps/delta
2025-10-19T17:48:29.293+01:00 DEBUG 19790 --- [kafka-service] [reshExecutor-%d] o.s.web.client.RestTemplate              : Accept=[application/json, application/*+json]
2025-10-19T17:48:29.297+01:00 DEBUG 19790 --- [kafka-service] [reshExecutor-%d] o.s.web.client.RestTemplate              : Response 200 OK
2025-10-19T17:48:29.297+01:00 DEBUG 19790 --- [kafka-service] [reshExecutor-%d] o.s.web.client.RestTemplate              : Reading to [org.springframework.cloud.netflix.eureka.http.EurekaApplications]
2025-10-19T17:48:59.271+01:00 DEBUG 19790 --- [kafka-service] [beatExecutor-%d] o.s.web.client.RestTemplate              : HTTP PUT http://localhost:8761/eureka/apps/KAFKA-SERVICE/192.168.189.1:kafka-service:8087?status=UP&lastDirtyTimestamp=1760888924309
2025-10-19T17:48:59.271+01:00 DEBUG 19790 --- [kafka-service] [beatExecutor-%d] o.s.web.client.RestTemplate              : Accept=[application/json, application/*+json]
2025-10-19T17:48:59.274+01:00 DEBUG 19790 --- [kafka-service] [beatExecutor-%d] o.s.web.client.RestTemplate              : Response 200 OK
2025-10-19T17:48:59.298+01:00 DEBUG 19790 --- [kafka-service] [reshExecutor-%d] o.s.web.client.RestTemplate              : HTTP GET http://localhost:8761/eureka/apps/delta
2025-10-19T17:48:59.299+01:00 DEBUG 19790 --- [kafka-service] [reshExecutor-%d] o.s.web.client.RestTemplate              : Accept=[application/json, application/*+json]
2025-10-19T17:48:59.303+01:00 DEBUG 19790 --- [kafka-service] [reshExecutor-%d] o.s.web.client.RestTemplate              : Response 200 OK
2025-10-19T17:48:59.303+01:00 DEBUG 19790 --- [kafka-service] [reshExecutor-%d] o.s.web.client.RestTemplate              : Reading to [org.springframework.cloud.netflix.eureka.http.EurekaApplications]
2025-10-19T17:49:29.275+01:00 DEBUG 19790 --- [kafka-service] [beatExecutor-%d] o.s.web.client.RestTemplate              : HTTP PUT http://localhost:8761/eureka/apps/KAFKA-SERVICE/192.168.189.1:kafka-service:8087?status=UP&lastDirtyTimestamp=1760888924309
2025-10-19T17:49:29.281+01:00 DEBUG 19790 --- [kafka-service] [beatExecutor-%d] o.s.web.client.RestTemplate              : Accept=[application/json, application/*+json]
2025-10-19T17:49:29.285+01:00 DEBUG 19790 --- [kafka-service] [beatExecutor-%d] o.s.web.client.RestTemplate              : Response 200 OK
2025-10-19T17:49:29.305+01:00 DEBUG 19790 --- [kafka-service] [reshExecutor-%d] o.s.web.client.RestTemplate              : HTTP GET http://localhost:8761/eureka/apps/delta
2025-10-19T17:49:29.305+01:00 DEBUG 19790 --- [kafka-service] [reshExecutor-%d] o.s.web.client.RestTemplate              : Accept=[application/json, application/*+json]
2025-10-19T17:49:29.310+01:00 DEBUG 19790 --- [kafka-service] [reshExecutor-%d] o.s.web.client.RestTemplate              : Response 200 OK
2025-10-19T17:49:29.310+01:00 DEBUG 19790 --- [kafka-service] [reshExecutor-%d] o.s.web.client.RestTemplate              : Reading to [org.springframework.cloud.netflix.eureka.http.EurekaApplications]
2025-10-19T17:49:59.286+01:00 DEBUG 19790 --- [kafka-service] [beatExecutor-%d] o.s.web.client.RestTemplate              : HTTP PUT http://localhost:8761/eureka/apps/KAFKA-SERVICE/192.168.189.1:kafka-service:8087?status=UP&lastDirtyTimestamp=1760888924309
2025-10-19T17:49:59.286+01:00 DEBUG 19790 --- [kafka-service] [beatExecutor-%d] o.s.web.client.RestTemplate              : Accept=[application/json, application/*+json]
2025-10-19T17:49:59.290+01:00 DEBUG 19790 --- [kafka-service] [beatExecutor-%d] o.s.web.client.RestTemplate              : Response 200 OK
2025-10-19T17:49:59.312+01:00 DEBUG 19790 --- [kafka-service] [reshExecutor-%d] o.s.web.client.RestTemplate              : HTTP GET http://localhost:8761/eureka/apps/delta
2025-10-19T17:49:59.312+01:00 DEBUG 19790 --- [kafka-service] [reshExecutor-%d] o.s.web.client.RestTemplate              : Accept=[application/json, application/*+json]
2025-10-19T17:49:59.315+01:00 DEBUG 19790 --- [kafka-service] [reshExecutor-%d] o.s.web.client.RestTemplate              : Response 200 OK
2025-10-19T17:49:59.316+01:00 DEBUG 19790 --- [kafka-service] [reshExecutor-%d] o.s.web.client.RestTemplate              : Reading to [org.springframework.cloud.netflix.eureka.http.EurekaApplications]
2025-10-19T17:50:29.292+01:00 DEBUG 19790 --- [kafka-service] [beatExecutor-%d] o.s.web.client.RestTemplate              : HTTP PUT http://localhost:8761/eureka/apps/KAFKA-SERVICE/192.168.189.1:kafka-service:8087?status=UP&lastDirtyTimestamp=1760888924309
2025-10-19T17:50:29.292+01:00 DEBUG 19790 --- [kafka-service] [beatExecutor-%d] o.s.web.client.RestTemplate              : Accept=[application/json, application/*+json]
2025-10-19T17:50:29.296+01:00 DEBUG 19790 --- [kafka-service] [beatExecutor-%d] o.s.web.client.RestTemplate              : Response 200 OK
2025-10-19T17:50:29.317+01:00 DEBUG 19790 --- [kafka-service] [reshExecutor-%d] o.s.web.client.RestTemplate              : HTTP GET http://localhost:8761/eureka/apps/delta
2025-10-19T17:50:29.318+01:00 DEBUG 19790 --- [kafka-service] [reshExecutor-%d] o.s.web.client.RestTemplate              : Accept=[application/json, application/*+json]
2025-10-19T17:50:29.321+01:00 DEBUG 19790 --- [kafka-service] [reshExecutor-%d] o.s.web.client.RestTemplate              : Response 200 OK
2025-10-19T17:50:29.322+01:00 DEBUG 19790 --- [kafka-service] [reshExecutor-%d] o.s.web.client.RestTemplate              : Reading to [org.springframework.cloud.netflix.eureka.http.EurekaApplications]
2025-10-19T17:50:59.298+01:00 DEBUG 19790 --- [kafka-service] [beatExecutor-%d] o.s.web.client.RestTemplate              : HTTP PUT http://localhost:8761/eureka/apps/KAFKA-SERVICE/192.168.189.1:kafka-service:8087?status=UP&lastDirtyTimestamp=1760888924309
2025-10-19T17:50:59.298+01:00 DEBUG 19790 --- [kafka-service] [beatExecutor-%d] o.s.web.client.RestTemplate              : Accept=[application/json, application/*+json]
2025-10-19T17:50:59.303+01:00 DEBUG 19790 --- [kafka-service] [beatExecutor-%d] o.s.web.client.RestTemplate              : Response 200 OK
2025-10-19T17:50:59.323+01:00 DEBUG 19790 --- [kafka-service] [reshExecutor-%d] o.s.web.client.RestTemplate              : HTTP GET http://localhost:8761/eureka/apps/delta
2025-10-19T17:50:59.324+01:00 DEBUG 19790 --- [kafka-service] [reshExecutor-%d] o.s.web.client.RestTemplate              : Accept=[application/json, application/*+json]
2025-10-19T17:50:59.328+01:00 DEBUG 19790 --- [kafka-service] [reshExecutor-%d] o.s.web.client.RestTemplate              : Response 200 OK
2025-10-19T17:50:59.328+01:00 DEBUG 19790 --- [kafka-service] [reshExecutor-%d] o.s.web.client.RestTemplate              : Reading to [org.springframework.cloud.netflix.eureka.http.EurekaApplications]
2025-10-19T17:51:29.304+01:00 DEBUG 19790 --- [kafka-service] [beatExecutor-%d] o.s.web.client.RestTemplate              : HTTP PUT http://localhost:8761/eureka/apps/KAFKA-SERVICE/192.168.189.1:kafka-service:8087?status=UP&lastDirtyTimestamp=1760888924309
2025-10-19T17:51:29.305+01:00 DEBUG 19790 --- [kafka-service] [beatExecutor-%d] o.s.web.client.RestTemplate              : Accept=[application/json, application/*+json]
2025-10-19T17:51:29.309+01:00 DEBUG 19790 --- [kafka-service] [beatExecutor-%d] o.s.web.client.RestTemplate              : Response 200 OK
2025-10-19T17:51:29.329+01:00 DEBUG 19790 --- [kafka-service] [reshExecutor-%d] o.s.web.client.RestTemplate              : HTTP GET http://localhost:8761/eureka/apps/delta
2025-10-19T17:51:29.330+01:00 DEBUG 19790 --- [kafka-service] [reshExecutor-%d] o.s.web.client.RestTemplate              : Accept=[application/json, application/*+json]
2025-10-19T17:51:29.334+01:00 DEBUG 19790 --- [kafka-service] [reshExecutor-%d] o.s.web.client.RestTemplate              : Response 200 OK
2025-10-19T17:51:29.334+01:00 DEBUG 19790 --- [kafka-service] [reshExecutor-%d] o.s.web.client.RestTemplate              : Reading to [org.springframework.cloud.netflix.eureka.http.EurekaApplications]
2025-10-19T17:51:59.310+01:00 DEBUG 19790 --- [kafka-service] [beatExecutor-%d] o.s.web.client.RestTemplate              : HTTP PUT http://localhost:8761/eureka/apps/KAFKA-SERVICE/192.168.189.1:kafka-service:8087?status=UP&lastDirtyTimestamp=1760888924309
2025-10-19T17:51:59.311+01:00 DEBUG 19790 --- [kafka-service] [beatExecutor-%d] o.s.web.client.RestTemplate              : Accept=[application/json, application/*+json]
2025-10-19T17:51:59.316+01:00 DEBUG 19790 --- [kafka-service] [beatExecutor-%d] o.s.web.client.RestTemplate              : Response 200 OK
2025-10-19T17:51:59.336+01:00 DEBUG 19790 --- [kafka-service] [reshExecutor-%d] o.s.web.client.RestTemplate              : HTTP GET http://localhost:8761/eureka/apps/delta
2025-10-19T17:51:59.336+01:00 DEBUG 19790 --- [kafka-service] [reshExecutor-%d] o.s.web.client.RestTemplate              : Accept=[application/json, application/*+json]
2025-10-19T17:51:59.340+01:00 DEBUG 19790 --- [kafka-service] [reshExecutor-%d] o.s.web.client.RestTemplate              : Response 200 OK
2025-10-19T17:51:59.340+01:00 DEBUG 19790 --- [kafka-service] [reshExecutor-%d] o.s.web.client.RestTemplate              : Reading to [org.springframework.cloud.netflix.eureka.http.EurekaApplications]
2025-10-19T17:52:29.317+01:00 DEBUG 19790 --- [kafka-service] [beatExecutor-%d] o.s.web.client.RestTemplate              : HTTP PUT http://localhost:8761/eureka/apps/KAFKA-SERVICE/192.168.189.1:kafka-service:8087?status=UP&lastDirtyTimestamp=1760888924309
2025-10-19T17:52:29.317+01:00 DEBUG 19790 --- [kafka-service] [beatExecutor-%d] o.s.web.client.RestTemplate              : Accept=[application/json, application/*+json]
2025-10-19T17:52:29.321+01:00 DEBUG 19790 --- [kafka-service] [beatExecutor-%d] o.s.web.client.RestTemplate              : Response 200 OK
2025-10-19T17:52:29.342+01:00 DEBUG 19790 --- [kafka-service] [reshExecutor-%d] o.s.web.client.RestTemplate              : HTTP GET http://localhost:8761/eureka/apps/delta
2025-10-19T17:52:29.343+01:00 DEBUG 19790 --- [kafka-service] [reshExecutor-%d] o.s.web.client.RestTemplate              : Accept=[application/json, application/*+json]
2025-10-19T17:52:29.346+01:00 DEBUG 19790 --- [kafka-service] [reshExecutor-%d] o.s.web.client.RestTemplate              : Response 200 OK
2025-10-19T17:52:29.347+01:00 DEBUG 19790 --- [kafka-service] [reshExecutor-%d] o.s.web.client.RestTemplate              : Reading to [org.springframework.cloud.netflix.eureka.http.EurekaApplications]
2025-10-19T17:52:59.322+01:00 DEBUG 19790 --- [kafka-service] [beatExecutor-%d] o.s.web.client.RestTemplate              : HTTP PUT http://localhost:8761/eureka/apps/KAFKA-SERVICE/192.168.189.1:kafka-service:8087?status=UP&lastDirtyTimestamp=1760888924309
2025-10-19T17:52:59.322+01:00 DEBUG 19790 --- [kafka-service] [beatExecutor-%d] o.s.web.client.RestTemplate              : Accept=[application/json, application/*+json]
2025-10-19T17:52:59.326+01:00 DEBUG 19790 --- [kafka-service] [beatExecutor-%d] o.s.web.client.RestTemplate              : Response 200 OK
2025-10-19T17:52:59.348+01:00 DEBUG 19790 --- [kafka-service] [reshExecutor-%d] o.s.web.client.RestTemplate              : HTTP GET http://localhost:8761/eureka/apps/delta
2025-10-19T17:52:59.349+01:00 DEBUG 19790 --- [kafka-service] [reshExecutor-%d] o.s.web.client.RestTemplate              : Accept=[application/json, application/*+json]
2025-10-19T17:52:59.351+01:00 DEBUG 19790 --- [kafka-service] [reshExecutor-%d] o.s.web.client.RestTemplate              : Response 200 OK
2025-10-19T17:52:59.352+01:00 DEBUG 19790 --- [kafka-service] [reshExecutor-%d] o.s.web.client.RestTemplate              : Reading to [org.springframework.cloud.netflix.eureka.http.EurekaApplications]
2025-10-19T17:53:27.306+01:00  INFO 19790 --- [kafka-service] [rap-executor-%d] c.n.d.s.r.aws.ConfigClusterResolver      : Resolving eureka endpoints via configuration
2025-10-19T17:53:29.327+01:00 DEBUG 19790 --- [kafka-service] [beatExecutor-%d] o.s.web.client.RestTemplate              : HTTP PUT http://localhost:8761/eureka/apps/KAFKA-SERVICE/192.168.189.1:kafka-service:8087?status=UP&lastDirtyTimestamp=1760888924309
2025-10-19T17:53:29.327+01:00 DEBUG 19790 --- [kafka-service] [beatExecutor-%d] o.s.web.client.RestTemplate              : Accept=[application/json, application/*+json]
2025-10-19T17:53:29.330+01:00 DEBUG 19790 --- [kafka-service] [beatExecutor-%d] o.s.web.client.RestTemplate              : Response 200 OK
2025-10-19T17:53:29.353+01:00 DEBUG 19790 --- [kafka-service] [reshExecutor-%d] o.s.web.client.RestTemplate              : HTTP GET http://localhost:8761/eureka/apps/delta
2025-10-19T17:53:29.353+01:00 DEBUG 19790 --- [kafka-service] [reshExecutor-%d] o.s.web.client.RestTemplate              : Accept=[application/json, application/*+json]
2025-10-19T17:53:29.357+01:00 DEBUG 19790 --- [kafka-service] [reshExecutor-%d] o.s.web.client.RestTemplate              : Response 200 OK
2025-10-19T17:53:29.357+01:00 DEBUG 19790 --- [kafka-service] [reshExecutor-%d] o.s.web.client.RestTemplate              : Reading to [org.springframework.cloud.netflix.eureka.http.EurekaApplications]
2025-10-19T17:53:59.332+01:00 DEBUG 19790 --- [kafka-service] [beatExecutor-%d] o.s.web.client.RestTemplate              : HTTP PUT http://localhost:8761/eureka/apps/KAFKA-SERVICE/192.168.189.1:kafka-service:8087?status=UP&lastDirtyTimestamp=1760888924309
2025-10-19T17:53:59.332+01:00 DEBUG 19790 --- [kafka-service] [beatExecutor-%d] o.s.web.client.RestTemplate              : Accept=[application/json, application/*+json]
2025-10-19T17:53:59.336+01:00 DEBUG 19790 --- [kafka-service] [beatExecutor-%d] o.s.web.client.RestTemplate              : Response 200 OK
2025-10-19T17:53:59.359+01:00 DEBUG 19790 --- [kafka-service] [reshExecutor-%d] o.s.web.client.RestTemplate              : HTTP GET http://localhost:8761/eureka/apps/delta
2025-10-19T17:53:59.359+01:00 DEBUG 19790 --- [kafka-service] [reshExecutor-%d] o.s.web.client.RestTemplate              : Accept=[application/json, application/*+json]
2025-10-19T17:53:59.363+01:00 DEBUG 19790 --- [kafka-service] [reshExecutor-%d] o.s.web.client.RestTemplate              : Response 200 OK
2025-10-19T17:53:59.363+01:00 DEBUG 19790 --- [kafka-service] [reshExecutor-%d] o.s.web.client.RestTemplate              : Reading to [org.springframework.cloud.netflix.eureka.http.EurekaApplications]
2025-10-19T17:54:29.338+01:00 DEBUG 19790 --- [kafka-service] [beatExecutor-%d] o.s.web.client.RestTemplate              : HTTP PUT http://localhost:8761/eureka/apps/KAFKA-SERVICE/192.168.189.1:kafka-service:8087?status=UP&lastDirtyTimestamp=1760888924309
2025-10-19T17:54:29.338+01:00 DEBUG 19790 --- [kafka-service] [beatExecutor-%d] o.s.web.client.RestTemplate              : Accept=[application/json, application/*+json]
2025-10-19T17:54:29.342+01:00 DEBUG 19790 --- [kafka-service] [beatExecutor-%d] o.s.web.client.RestTemplate              : Response 200 OK
2025-10-19T17:54:29.365+01:00 DEBUG 19790 --- [kafka-service] [reshExecutor-%d] o.s.web.client.RestTemplate              : HTTP GET http://localhost:8761/eureka/apps/delta
2025-10-19T17:54:29.365+01:00 DEBUG 19790 --- [kafka-service] [reshExecutor-%d] o.s.web.client.RestTemplate              : Accept=[application/json, application/*+json]
2025-10-19T17:54:29.369+01:00 DEBUG 19790 --- [kafka-service] [reshExecutor-%d] o.s.web.client.RestTemplate              : Response 200 OK
2025-10-19T17:54:29.369+01:00 DEBUG 19790 --- [kafka-service] [reshExecutor-%d] o.s.web.client.RestTemplate              : Reading to [org.springframework.cloud.netflix.eureka.http.EurekaApplications]
2025-10-19T17:54:59.343+01:00 DEBUG 19790 --- [kafka-service] [beatExecutor-%d] o.s.web.client.RestTemplate              : HTTP PUT http://localhost:8761/eureka/apps/KAFKA-SERVICE/192.168.189.1:kafka-service:8087?status=UP&lastDirtyTimestamp=1760888924309
2025-10-19T17:54:59.343+01:00 DEBUG 19790 --- [kafka-service] [beatExecutor-%d] o.s.web.client.RestTemplate              : Accept=[application/json, application/*+json]
2025-10-19T17:54:59.347+01:00 DEBUG 19790 --- [kafka-service] [beatExecutor-%d] o.s.web.client.RestTemplate              : Response 200 OK
2025-10-19T17:54:59.371+01:00 DEBUG 19790 --- [kafka-service] [reshExecutor-%d] o.s.web.client.RestTemplate              : HTTP GET http://localhost:8761/eureka/apps/delta
2025-10-19T17:54:59.371+01:00 DEBUG 19790 --- [kafka-service] [reshExecutor-%d] o.s.web.client.RestTemplate              : Accept=[application/json, application/*+json]
2025-10-19T17:54:59.375+01:00 DEBUG 19790 --- [kafka-service] [reshExecutor-%d] o.s.web.client.RestTemplate              : Response 200 OK
2025-10-19T17:54:59.375+01:00 DEBUG 19790 --- [kafka-service] [reshExecutor-%d] o.s.web.client.RestTemplate              : Reading to [org.springframework.cloud.netflix.eureka.http.EurekaApplications]
2025-10-19T17:55:29.348+01:00 DEBUG 19790 --- [kafka-service] [beatExecutor-%d] o.s.web.client.RestTemplate              : HTTP PUT http://localhost:8761/eureka/apps/KAFKA-SERVICE/192.168.189.1:kafka-service:8087?status=UP&lastDirtyTimestamp=1760888924309
2025-10-19T17:55:29.348+01:00 DEBUG 19790 --- [kafka-service] [beatExecutor-%d] o.s.web.client.RestTemplate              : Accept=[application/json, application/*+json]
2025-10-19T17:55:29.358+01:00 DEBUG 19790 --- [kafka-service] [beatExecutor-%d] o.s.web.client.RestTemplate              : Response 200 OK
2025-10-19T17:55:29.377+01:00 DEBUG 19790 --- [kafka-service] [reshExecutor-%d] o.s.web.client.RestTemplate              : HTTP GET http://localhost:8761/eureka/apps/delta
2025-10-19T17:55:29.377+01:00 DEBUG 19790 --- [kafka-service] [reshExecutor-%d] o.s.web.client.RestTemplate              : Accept=[application/json, application/*+json]
2025-10-19T17:55:29.381+01:00 DEBUG 19790 --- [kafka-service] [reshExecutor-%d] o.s.web.client.RestTemplate              : Response 200 OK
2025-10-19T17:55:29.381+01:00 DEBUG 19790 --- [kafka-service] [reshExecutor-%d] o.s.web.client.RestTemplate              : Reading to [org.springframework.cloud.netflix.eureka.http.EurekaApplications]
2025-10-19T17:55:59.359+01:00 DEBUG 19790 --- [kafka-service] [beatExecutor-%d] o.s.web.client.RestTemplate              : HTTP PUT http://localhost:8761/eureka/apps/KAFKA-SERVICE/192.168.189.1:kafka-service:8087?status=UP&lastDirtyTimestamp=1760888924309
2025-10-19T17:55:59.359+01:00 DEBUG 19790 --- [kafka-service] [beatExecutor-%d] o.s.web.client.RestTemplate              : Accept=[application/json, application/*+json]
2025-10-19T17:55:59.364+01:00 DEBUG 19790 --- [kafka-service] [beatExecutor-%d] o.s.web.client.RestTemplate              : Response 200 OK
2025-10-19T17:55:59.387+01:00 DEBUG 19790 --- [kafka-service] [reshExecutor-%d] o.s.web.client.RestTemplate              : HTTP GET http://localhost:8761/eureka/apps/delta
2025-10-19T17:55:59.399+01:00 DEBUG 19790 --- [kafka-service] [reshExecutor-%d] o.s.web.client.RestTemplate              : Accept=[application/json, application/*+json]
2025-10-19T17:55:59.403+01:00 DEBUG 19790 --- [kafka-service] [reshExecutor-%d] o.s.web.client.RestTemplate              : Response 200 OK
2025-10-19T17:55:59.404+01:00 DEBUG 19790 --- [kafka-service] [reshExecutor-%d] o.s.web.client.RestTemplate              : Reading to [org.springframework.cloud.netflix.eureka.http.EurekaApplications]
2025-10-19T17:56:29.365+01:00 DEBUG 19790 --- [kafka-service] [beatExecutor-%d] o.s.web.client.RestTemplate              : HTTP PUT http://localhost:8761/eureka/apps/KAFKA-SERVICE/192.168.189.1:kafka-service:8087?status=UP&lastDirtyTimestamp=1760888924309
2025-10-19T17:56:29.365+01:00 DEBUG 19790 --- [kafka-service] [beatExecutor-%d] o.s.web.client.RestTemplate              : Accept=[application/json, application/*+json]
2025-10-19T17:56:29.369+01:00 DEBUG 19790 --- [kafka-service] [beatExecutor-%d] o.s.web.client.RestTemplate              : Response 200 OK
2025-10-19T17:56:29.406+01:00 DEBUG 19790 --- [kafka-service] [reshExecutor-%d] o.s.web.client.RestTemplate              : HTTP GET http://localhost:8761/eureka/apps/delta
2025-10-19T17:56:29.406+01:00 DEBUG 19790 --- [kafka-service] [reshExecutor-%d] o.s.web.client.RestTemplate              : Accept=[application/json, application/*+json]
2025-10-19T17:56:29.410+01:00 DEBUG 19790 --- [kafka-service] [reshExecutor-%d] o.s.web.client.RestTemplate              : Response 200 OK
2025-10-19T17:56:29.410+01:00 DEBUG 19790 --- [kafka-service] [reshExecutor-%d] o.s.web.client.RestTemplate              : Reading to [org.springframework.cloud.netflix.eureka.http.EurekaApplications]
2025-10-19T17:56:59.370+01:00 DEBUG 19790 --- [kafka-service] [beatExecutor-%d] o.s.web.client.RestTemplate              : HTTP PUT http://localhost:8761/eureka/apps/KAFKA-SERVICE/192.168.189.1:kafka-service:8087?status=UP&lastDirtyTimestamp=1760888924309
2025-10-19T17:56:59.371+01:00 DEBUG 19790 --- [kafka-service] [beatExecutor-%d] o.s.web.client.RestTemplate              : Accept=[application/json, application/*+json]
2025-10-19T17:56:59.374+01:00 DEBUG 19790 --- [kafka-service] [beatExecutor-%d] o.s.web.client.RestTemplate              : Response 200 OK
2025-10-19T17:56:59.412+01:00 DEBUG 19790 --- [kafka-service] [reshExecutor-%d] o.s.web.client.RestTemplate              : HTTP GET http://localhost:8761/eureka/apps/delta
2025-10-19T17:56:59.412+01:00 DEBUG 19790 --- [kafka-service] [reshExecutor-%d] o.s.web.client.RestTemplate              : Accept=[application/json, application/*+json]
2025-10-19T17:56:59.415+01:00 DEBUG 19790 --- [kafka-service] [reshExecutor-%d] o.s.web.client.RestTemplate              : Response 200 OK
2025-10-19T17:56:59.415+01:00 DEBUG 19790 --- [kafka-service] [reshExecutor-%d] o.s.web.client.RestTemplate              : Reading to [org.springframework.cloud.netflix.eureka.http.EurekaApplications]
2025-10-19T17:57:29.375+01:00 DEBUG 19790 --- [kafka-service] [beatExecutor-%d] o.s.web.client.RestTemplate              : HTTP PUT http://localhost:8761/eureka/apps/KAFKA-SERVICE/192.168.189.1:kafka-service:8087?status=UP&lastDirtyTimestamp=1760888924309
2025-10-19T17:57:29.375+01:00 DEBUG 19790 --- [kafka-service] [beatExecutor-%d] o.s.web.client.RestTemplate              : Accept=[application/json, application/*+json]
2025-10-19T17:57:29.380+01:00 DEBUG 19790 --- [kafka-service] [beatExecutor-%d] o.s.web.client.RestTemplate              : Response 200 OK
2025-10-19T17:57:29.417+01:00 DEBUG 19790 --- [kafka-service] [reshExecutor-%d] o.s.web.client.RestTemplate              : HTTP GET http://localhost:8761/eureka/apps/delta
2025-10-19T17:57:29.417+01:00 DEBUG 19790 --- [kafka-service] [reshExecutor-%d] o.s.web.client.RestTemplate              : Accept=[application/json, application/*+json]
2025-10-19T17:57:29.421+01:00 DEBUG 19790 --- [kafka-service] [reshExecutor-%d] o.s.web.client.RestTemplate              : Response 200 OK
2025-10-19T17:57:29.422+01:00 DEBUG 19790 --- [kafka-service] [reshExecutor-%d] o.s.web.client.RestTemplate              : Reading to [org.springframework.cloud.netflix.eureka.http.EurekaApplications]
2025-10-19T17:57:59.381+01:00 DEBUG 19790 --- [kafka-service] [beatExecutor-%d] o.s.web.client.RestTemplate              : HTTP PUT http://localhost:8761/eureka/apps/KAFKA-SERVICE/192.168.189.1:kafka-service:8087?status=UP&lastDirtyTimestamp=1760888924309
2025-10-19T17:57:59.381+01:00 DEBUG 19790 --- [kafka-service] [beatExecutor-%d] o.s.web.client.RestTemplate              : Accept=[application/json, application/*+json]
2025-10-19T17:57:59.385+01:00 DEBUG 19790 --- [kafka-service] [beatExecutor-%d] o.s.web.client.RestTemplate              : Response 200 OK
2025-10-19T17:57:59.423+01:00 DEBUG 19790 --- [kafka-service] [reshExecutor-%d] o.s.web.client.RestTemplate              : HTTP GET http://localhost:8761/eureka/apps/delta
2025-10-19T17:57:59.423+01:00 DEBUG 19790 --- [kafka-service] [reshExecutor-%d] o.s.web.client.RestTemplate              : Accept=[application/json, application/*+json]
2025-10-19T17:57:59.427+01:00 DEBUG 19790 --- [kafka-service] [reshExecutor-%d] o.s.web.client.RestTemplate              : Response 200 OK
2025-10-19T17:57:59.428+01:00 DEBUG 19790 --- [kafka-service] [reshExecutor-%d] o.s.web.client.RestTemplate              : Reading to [org.springframework.cloud.netflix.eureka.http.EurekaApplications]
2025-10-19T17:58:27.307+01:00  INFO 19790 --- [kafka-service] [rap-executor-%d] c.n.d.s.r.aws.ConfigClusterResolver      : Resolving eureka endpoints via configuration
2025-10-19T17:58:29.386+01:00 DEBUG 19790 --- [kafka-service] [beatExecutor-%d] o.s.web.client.RestTemplate              : HTTP PUT http://localhost:8761/eureka/apps/KAFKA-SERVICE/192.168.189.1:kafka-service:8087?status=UP&lastDirtyTimestamp=1760888924309
2025-10-19T17:58:29.387+01:00 DEBUG 19790 --- [kafka-service] [beatExecutor-%d] o.s.web.client.RestTemplate              : Accept=[application/json, application/*+json]
2025-10-19T17:58:29.391+01:00 DEBUG 19790 --- [kafka-service] [beatExecutor-%d] o.s.web.client.RestTemplate              : Response 200 OK
2025-10-19T17:58:29.429+01:00 DEBUG 19790 --- [kafka-service] [reshExecutor-%d] o.s.web.client.RestTemplate              : HTTP GET http://localhost:8761/eureka/apps/delta
2025-10-19T17:58:29.429+01:00 DEBUG 19790 --- [kafka-service] [reshExecutor-%d] o.s.web.client.RestTemplate              : Accept=[application/json, application/*+json]
2025-10-19T17:58:29.433+01:00 DEBUG 19790 --- [kafka-service] [reshExecutor-%d] o.s.web.client.RestTemplate              : Response 200 OK
2025-10-19T17:58:29.433+01:00 DEBUG 19790 --- [kafka-service] [reshExecutor-%d] o.s.web.client.RestTemplate              : Reading to [org.springframework.cloud.netflix.eureka.http.EurekaApplications]
2025-10-19T17:58:59.392+01:00 DEBUG 19790 --- [kafka-service] [beatExecutor-%d] o.s.web.client.RestTemplate              : HTTP PUT http://localhost:8761/eureka/apps/KAFKA-SERVICE/192.168.189.1:kafka-service:8087?status=UP&lastDirtyTimestamp=1760888924309
2025-10-19T17:58:59.392+01:00 DEBUG 19790 --- [kafka-service] [beatExecutor-%d] o.s.web.client.RestTemplate              : Accept=[application/json, application/*+json]
2025-10-19T17:58:59.396+01:00 DEBUG 19790 --- [kafka-service] [beatExecutor-%d] o.s.web.client.RestTemplate              : Response 200 OK
2025-10-19T17:58:59.435+01:00 DEBUG 19790 --- [kafka-service] [reshExecutor-%d] o.s.web.client.RestTemplate              : HTTP GET http://localhost:8761/eureka/apps/delta
2025-10-19T17:58:59.435+01:00 DEBUG 19790 --- [kafka-service] [reshExecutor-%d] o.s.web.client.RestTemplate              : Accept=[application/json, application/*+json]
2025-10-19T17:58:59.438+01:00 DEBUG 19790 --- [kafka-service] [reshExecutor-%d] o.s.web.client.RestTemplate              : Response 200 OK
2025-10-19T17:58:59.439+01:00 DEBUG 19790 --- [kafka-service] [reshExecutor-%d] o.s.web.client.RestTemplate              : Reading to [org.springframework.cloud.netflix.eureka.http.EurekaApplications]
2025-10-19T17:59:29.397+01:00 DEBUG 19790 --- [kafka-service] [beatExecutor-%d] o.s.web.client.RestTemplate              : HTTP PUT http://localhost:8761/eureka/apps/KAFKA-SERVICE/192.168.189.1:kafka-service:8087?status=UP&lastDirtyTimestamp=1760888924309
2025-10-19T17:59:29.398+01:00 DEBUG 19790 --- [kafka-service] [beatExecutor-%d] o.s.web.client.RestTemplate              : Accept=[application/json, application/*+json]
2025-10-19T17:59:29.407+01:00 DEBUG 19790 --- [kafka-service] [beatExecutor-%d] o.s.web.client.RestTemplate              : Response 200 OK
2025-10-19T17:59:29.440+01:00 DEBUG 19790 --- [kafka-service] [reshExecutor-%d] o.s.web.client.RestTemplate              : HTTP GET http://localhost:8761/eureka/apps/delta
2025-10-19T17:59:29.441+01:00 DEBUG 19790 --- [kafka-service] [reshExecutor-%d] o.s.web.client.RestTemplate              : Accept=[application/json, application/*+json]
2025-10-19T17:59:29.444+01:00 DEBUG 19790 --- [kafka-service] [reshExecutor-%d] o.s.web.client.RestTemplate              : Response 200 OK
2025-10-19T17:59:29.445+01:00 DEBUG 19790 --- [kafka-service] [reshExecutor-%d] o.s.web.client.RestTemplate              : Reading to [org.springframework.cloud.netflix.eureka.http.EurekaApplications]
2025-10-19T17:59:59.411+01:00 DEBUG 19790 --- [kafka-service] [beatExecutor-%d] o.s.web.client.RestTemplate              : HTTP PUT http://localhost:8761/eureka/apps/KAFKA-SERVICE/192.168.189.1:kafka-service:8087?status=UP&lastDirtyTimestamp=1760888924309
2025-10-19T17:59:59.417+01:00 DEBUG 19790 --- [kafka-service] [beatExecutor-%d] o.s.web.client.RestTemplate              : Accept=[application/json, application/*+json]
2025-10-19T17:59:59.420+01:00 DEBUG 19790 --- [kafka-service] [beatExecutor-%d] o.s.web.client.RestTemplate              : Response 200 OK
2025-10-19T17:59:59.446+01:00 DEBUG 19790 --- [kafka-service] [reshExecutor-%d] o.s.web.client.RestTemplate              : HTTP GET http://localhost:8761/eureka/apps/delta
2025-10-19T17:59:59.447+01:00 DEBUG 19790 --- [kafka-service] [reshExecutor-%d] o.s.web.client.RestTemplate              : Accept=[application/json, application/*+json]
2025-10-19T17:59:59.450+01:00 DEBUG 19790 --- [kafka-service] [reshExecutor-%d] o.s.web.client.RestTemplate              : Response 200 OK
2025-10-19T17:59:59.450+01:00 DEBUG 19790 --- [kafka-service] [reshExecutor-%d] o.s.web.client.RestTemplate              : Reading to [org.springframework.cloud.netflix.eureka.http.EurekaApplications]
2025-10-19T18:00:29.421+01:00 DEBUG 19790 --- [kafka-service] [beatExecutor-%d] o.s.web.client.RestTemplate              : HTTP PUT http://localhost:8761/eureka/apps/KAFKA-SERVICE/192.168.189.1:kafka-service:8087?status=UP&lastDirtyTimestamp=1760888924309
2025-10-19T18:00:29.422+01:00 DEBUG 19790 --- [kafka-service] [beatExecutor-%d] o.s.web.client.RestTemplate              : Accept=[application/json, application/*+json]
2025-10-19T18:00:29.426+01:00 DEBUG 19790 --- [kafka-service] [beatExecutor-%d] o.s.web.client.RestTemplate              : Response 200 OK
2025-10-19T18:00:29.451+01:00 DEBUG 19790 --- [kafka-service] [reshExecutor-%d] o.s.web.client.RestTemplate              : HTTP GET http://localhost:8761/eureka/apps/delta
2025-10-19T18:00:29.452+01:00 DEBUG 19790 --- [kafka-service] [reshExecutor-%d] o.s.web.client.RestTemplate              : Accept=[application/json, application/*+json]
2025-10-19T18:00:29.455+01:00 DEBUG 19790 --- [kafka-service] [reshExecutor-%d] o.s.web.client.RestTemplate              : Response 200 OK
2025-10-19T18:00:29.455+01:00 DEBUG 19790 --- [kafka-service] [reshExecutor-%d] o.s.web.client.RestTemplate              : Reading to [org.springframework.cloud.netflix.eureka.http.EurekaApplications]
2025-10-19T18:00:59.427+01:00 DEBUG 19790 --- [kafka-service] [beatExecutor-%d] o.s.web.client.RestTemplate              : HTTP PUT http://localhost:8761/eureka/apps/KAFKA-SERVICE/192.168.189.1:kafka-service:8087?status=UP&lastDirtyTimestamp=1760888924309
2025-10-19T18:00:59.428+01:00 DEBUG 19790 --- [kafka-service] [beatExecutor-%d] o.s.web.client.RestTemplate              : Accept=[application/json, application/*+json]
2025-10-19T18:00:59.431+01:00 DEBUG 19790 --- [kafka-service] [beatExecutor-%d] o.s.web.client.RestTemplate              : Response 200 OK
2025-10-19T18:00:59.457+01:00 DEBUG 19790 --- [kafka-service] [reshExecutor-%d] o.s.web.client.RestTemplate              : HTTP GET http://localhost:8761/eureka/apps/delta
2025-10-19T18:00:59.457+01:00 DEBUG 19790 --- [kafka-service] [reshExecutor-%d] o.s.web.client.RestTemplate              : Accept=[application/json, application/*+json]
2025-10-19T18:00:59.461+01:00 DEBUG 19790 --- [kafka-service] [reshExecutor-%d] o.s.web.client.RestTemplate              : Response 200 OK
2025-10-19T18:00:59.461+01:00 DEBUG 19790 --- [kafka-service] [reshExecutor-%d] o.s.web.client.RestTemplate              : Reading to [org.springframework.cloud.netflix.eureka.http.EurekaApplications]
2025-10-19T18:01:29.432+01:00 DEBUG 19790 --- [kafka-service] [beatExecutor-%d] o.s.web.client.RestTemplate              : HTTP PUT http://localhost:8761/eureka/apps/KAFKA-SERVICE/192.168.189.1:kafka-service:8087?status=UP&lastDirtyTimestamp=1760888924309
2025-10-19T18:01:29.433+01:00 DEBUG 19790 --- [kafka-service] [beatExecutor-%d] o.s.web.client.RestTemplate              : Accept=[application/json, application/*+json]
2025-10-19T18:01:29.438+01:00 DEBUG 19790 --- [kafka-service] [beatExecutor-%d] o.s.web.client.RestTemplate              : Response 200 OK
2025-10-19T18:01:29.463+01:00 DEBUG 19790 --- [kafka-service] [reshExecutor-%d] o.s.web.client.RestTemplate              : HTTP GET http://localhost:8761/eureka/apps/delta
2025-10-19T18:01:29.463+01:00 DEBUG 19790 --- [kafka-service] [reshExecutor-%d] o.s.web.client.RestTemplate              : Accept=[application/json, application/*+json]
2025-10-19T18:01:29.467+01:00 DEBUG 19790 --- [kafka-service] [reshExecutor-%d] o.s.web.client.RestTemplate              : Response 200 OK
2025-10-19T18:01:29.467+01:00 DEBUG 19790 --- [kafka-service] [reshExecutor-%d] o.s.web.client.RestTemplate              : Reading to [org.springframework.cloud.netflix.eureka.http.EurekaApplications]
2025-10-19T18:01:59.438+01:00 DEBUG 19790 --- [kafka-service] [beatExecutor-%d] o.s.web.client.RestTemplate              : HTTP PUT http://localhost:8761/eureka/apps/KAFKA-SERVICE/192.168.189.1:kafka-service:8087?status=UP&lastDirtyTimestamp=1760888924309
2025-10-19T18:01:59.439+01:00 DEBUG 19790 --- [kafka-service] [beatExecutor-%d] o.s.web.client.RestTemplate              : Accept=[application/json, application/*+json]
2025-10-19T18:01:59.442+01:00 DEBUG 19790 --- [kafka-service] [beatExecutor-%d] o.s.web.client.RestTemplate              : Response 200 OK
2025-10-19T18:01:59.469+01:00 DEBUG 19790 --- [kafka-service] [reshExecutor-%d] o.s.web.client.RestTemplate              : HTTP GET http://localhost:8761/eureka/apps/delta
2025-10-19T18:01:59.469+01:00 DEBUG 19790 --- [kafka-service] [reshExecutor-%d] o.s.web.client.RestTemplate              : Accept=[application/json, application/*+json]
2025-10-19T18:01:59.473+01:00 DEBUG 19790 --- [kafka-service] [reshExecutor-%d] o.s.web.client.RestTemplate              : Response 200 OK
2025-10-19T18:01:59.473+01:00 DEBUG 19790 --- [kafka-service] [reshExecutor-%d] o.s.web.client.RestTemplate              : Reading to [org.springframework.cloud.netflix.eureka.http.EurekaApplications]
2025-10-19T18:02:29.443+01:00 DEBUG 19790 --- [kafka-service] [beatExecutor-%d] o.s.web.client.RestTemplate              : HTTP PUT http://localhost:8761/eureka/apps/KAFKA-SERVICE/192.168.189.1:kafka-service:8087?status=UP&lastDirtyTimestamp=1760888924309
2025-10-19T18:02:29.443+01:00 DEBUG 19790 --- [kafka-service] [beatExecutor-%d] o.s.web.client.RestTemplate              : Accept=[application/json, application/*+json]
2025-10-19T18:02:29.448+01:00 DEBUG 19790 --- [kafka-service] [beatExecutor-%d] o.s.web.client.RestTemplate              : Response 200 OK
2025-10-19T18:02:29.475+01:00 DEBUG 19790 --- [kafka-service] [reshExecutor-%d] o.s.web.client.RestTemplate              : HTTP GET http://localhost:8761/eureka/apps/delta
2025-10-19T18:02:29.475+01:00 DEBUG 19790 --- [kafka-service] [reshExecutor-%d] o.s.web.client.RestTemplate              : Accept=[application/json, application/*+json]
2025-10-19T18:02:29.479+01:00 DEBUG 19790 --- [kafka-service] [reshExecutor-%d] o.s.web.client.RestTemplate              : Response 200 OK
2025-10-19T18:02:29.479+01:00 DEBUG 19790 --- [kafka-service] [reshExecutor-%d] o.s.web.client.RestTemplate              : Reading to [org.springframework.cloud.netflix.eureka.http.EurekaApplications]
2025-10-19T18:02:59.449+01:00 DEBUG 19790 --- [kafka-service] [beatExecutor-%d] o.s.web.client.RestTemplate              : HTTP PUT http://localhost:8761/eureka/apps/KAFKA-SERVICE/192.168.189.1:kafka-service:8087?status=UP&lastDirtyTimestamp=1760888924309
2025-10-19T18:02:59.449+01:00 DEBUG 19790 --- [kafka-service] [beatExecutor-%d] o.s.web.client.RestTemplate              : Accept=[application/json, application/*+json]
2025-10-19T18:02:59.453+01:00 DEBUG 19790 --- [kafka-service] [beatExecutor-%d] o.s.web.client.RestTemplate              : Response 200 OK
2025-10-19T18:02:59.481+01:00 DEBUG 19790 --- [kafka-service] [reshExecutor-%d] o.s.web.client.RestTemplate              : HTTP GET http://localhost:8761/eureka/apps/delta
2025-10-19T18:02:59.481+01:00 DEBUG 19790 --- [kafka-service] [reshExecutor-%d] o.s.web.client.RestTemplate              : Accept=[application/json, application/*+json]
2025-10-19T18:02:59.485+01:00 DEBUG 19790 --- [kafka-service] [reshExecutor-%d] o.s.web.client.RestTemplate              : Response 200 OK
2025-10-19T18:02:59.486+01:00 DEBUG 19790 --- [kafka-service] [reshExecutor-%d] o.s.web.client.RestTemplate              : Reading to [org.springframework.cloud.netflix.eureka.http.EurekaApplications]
2025-10-19T18:03:27.308+01:00  INFO 19790 --- [kafka-service] [rap-executor-%d] c.n.d.s.r.aws.ConfigClusterResolver      : Resolving eureka endpoints via configuration
2025-10-19T18:03:29.454+01:00 DEBUG 19790 --- [kafka-service] [beatExecutor-%d] o.s.web.client.RestTemplate              : HTTP PUT http://localhost:8761/eureka/apps/KAFKA-SERVICE/192.168.189.1:kafka-service:8087?status=UP&lastDirtyTimestamp=1760888924309
2025-10-19T18:03:29.454+01:00 DEBUG 19790 --- [kafka-service] [beatExecutor-%d] o.s.web.client.RestTemplate              : Accept=[application/json, application/*+json]
2025-10-19T18:03:29.458+01:00 DEBUG 19790 --- [kafka-service] [beatExecutor-%d] o.s.web.client.RestTemplate              : Response 200 OK
2025-10-19T18:03:29.487+01:00 DEBUG 19790 --- [kafka-service] [reshExecutor-%d] o.s.web.client.RestTemplate              : HTTP GET http://localhost:8761/eureka/apps/delta
2025-10-19T18:03:29.488+01:00 DEBUG 19790 --- [kafka-service] [reshExecutor-%d] o.s.web.client.RestTemplate              : Accept=[application/json, application/*+json]
2025-10-19T18:03:29.491+01:00 DEBUG 19790 --- [kafka-service] [reshExecutor-%d] o.s.web.client.RestTemplate              : Response 200 OK
2025-10-19T18:03:29.492+01:00 DEBUG 19790 --- [kafka-service] [reshExecutor-%d] o.s.web.client.RestTemplate              : Reading to [org.springframework.cloud.netflix.eureka.http.EurekaApplications]
2025-10-19T18:03:59.460+01:00 DEBUG 19790 --- [kafka-service] [beatExecutor-%d] o.s.web.client.RestTemplate              : HTTP PUT http://localhost:8761/eureka/apps/KAFKA-SERVICE/192.168.189.1:kafka-service:8087?status=UP&lastDirtyTimestamp=1760888924309
2025-10-19T18:03:59.460+01:00 DEBUG 19790 --- [kafka-service] [beatExecutor-%d] o.s.web.client.RestTemplate              : Accept=[application/json, application/*+json]
2025-10-19T18:03:59.464+01:00 DEBUG 19790 --- [kafka-service] [beatExecutor-%d] o.s.web.client.RestTemplate              : Response 200 OK
2025-10-19T18:03:59.493+01:00 DEBUG 19790 --- [kafka-service] [reshExecutor-%d] o.s.web.client.RestTemplate              : HTTP GET http://localhost:8761/eureka/apps/delta
2025-10-19T18:03:59.494+01:00 DEBUG 19790 --- [kafka-service] [reshExecutor-%d] o.s.web.client.RestTemplate              : Accept=[application/json, application/*+json]
2025-10-19T18:03:59.498+01:00 DEBUG 19790 --- [kafka-service] [reshExecutor-%d] o.s.web.client.RestTemplate              : Response 200 OK
2025-10-19T18:03:59.498+01:00 DEBUG 19790 --- [kafka-service] [reshExecutor-%d] o.s.web.client.RestTemplate              : Reading to [org.springframework.cloud.netflix.eureka.http.EurekaApplications]
2025-10-19T18:04:29.465+01:00 DEBUG 19790 --- [kafka-service] [beatExecutor-%d] o.s.web.client.RestTemplate              : HTTP PUT http://localhost:8761/eureka/apps/KAFKA-SERVICE/192.168.189.1:kafka-service:8087?status=UP&lastDirtyTimestamp=1760888924309
2025-10-19T18:04:29.465+01:00 DEBUG 19790 --- [kafka-service] [beatExecutor-%d] o.s.web.client.RestTemplate              : Accept=[application/json, application/*+json]
2025-10-19T18:04:29.469+01:00 DEBUG 19790 --- [kafka-service] [beatExecutor-%d] o.s.web.client.RestTemplate              : Response 200 OK
2025-10-19T18:04:29.500+01:00 DEBUG 19790 --- [kafka-service] [reshExecutor-%d] o.s.web.client.RestTemplate              : HTTP GET http://localhost:8761/eureka/apps/delta
2025-10-19T18:04:29.500+01:00 DEBUG 19790 --- [kafka-service] [reshExecutor-%d] o.s.web.client.RestTemplate              : Accept=[application/json, application/*+json]
2025-10-19T18:04:29.504+01:00 DEBUG 19790 --- [kafka-service] [reshExecutor-%d] o.s.web.client.RestTemplate              : Response 200 OK
2025-10-19T18:04:29.504+01:00 DEBUG 19790 --- [kafka-service] [reshExecutor-%d] o.s.web.client.RestTemplate              : Reading to [org.springframework.cloud.netflix.eureka.http.EurekaApplications]
2025-10-19T18:04:59.470+01:00 DEBUG 19790 --- [kafka-service] [beatExecutor-%d] o.s.web.client.RestTemplate              : HTTP PUT http://localhost:8761/eureka/apps/KAFKA-SERVICE/192.168.189.1:kafka-service:8087?status=UP&lastDirtyTimestamp=1760888924309
2025-10-19T18:04:59.471+01:00 DEBUG 19790 --- [kafka-service] [beatExecutor-%d] o.s.web.client.RestTemplate              : Accept=[application/json, application/*+json]
2025-10-19T18:04:59.475+01:00 DEBUG 19790 --- [kafka-service] [beatExecutor-%d] o.s.web.client.RestTemplate              : Response 200 OK
2025-10-19T18:04:59.506+01:00 DEBUG 19790 --- [kafka-service] [reshExecutor-%d] o.s.web.client.RestTemplate              : HTTP GET http://localhost:8761/eureka/apps/delta
2025-10-19T18:04:59.506+01:00 DEBUG 19790 --- [kafka-service] [reshExecutor-%d] o.s.web.client.RestTemplate              : Accept=[application/json, application/*+json]
2025-10-19T18:04:59.510+01:00 DEBUG 19790 --- [kafka-service] [reshExecutor-%d] o.s.web.client.RestTemplate              : Response 200 OK
2025-10-19T18:04:59.510+01:00 DEBUG 19790 --- [kafka-service] [reshExecutor-%d] o.s.web.client.RestTemplate              : Reading to [org.springframework.cloud.netflix.eureka.http.EurekaApplications]
2025-10-19T18:05:29.476+01:00 DEBUG 19790 --- [kafka-service] [beatExecutor-%d] o.s.web.client.RestTemplate              : HTTP PUT http://localhost:8761/eureka/apps/KAFKA-SERVICE/192.168.189.1:kafka-service:8087?status=UP&lastDirtyTimestamp=1760888924309
2025-10-19T18:05:29.477+01:00 DEBUG 19790 --- [kafka-service] [beatExecutor-%d] o.s.web.client.RestTemplate              : Accept=[application/json, application/*+json]
2025-10-19T18:05:29.493+01:00  INFO 19790 --- [kafka-service] [beatExecutor-%d] c.n.d.s.t.d.RedirectingEurekaHttpClient  : Request execution error. endpoint=DefaultEndpoint{ serviceUrl='http://localhost:8761/eureka/} exception=I/O error on PUT request for "http://localhost:8761/eureka/apps/KAFKA-SERVICE/192.168.189.1:kafka-service:8087": Connect to http://localhost:8761 [localhost/127.0.0.1] failed: Connection refused stacktrace=org.springframework.web.client.ResourceAccessException: I/O error on PUT request for "http://localhost:8761/eureka/apps/KAFKA-SERVICE/192.168.189.1:kafka-service:8087": Connect to http://localhost:8761 [localhost/127.0.0.1] failed: Connection refused
	at org.springframework.web.client.RestTemplate.createResourceAccessException(RestTemplate.java:915)
	at org.springframework.web.client.RestTemplate.doExecute(RestTemplate.java:895)
	at org.springframework.web.client.RestTemplate.execute(RestTemplate.java:790)
	at org.springframework.web.client.RestTemplate.exchange(RestTemplate.java:672)
	at org.springframework.cloud.netflix.eureka.http.RestTemplateEurekaHttpClient.sendHeartBeat(RestTemplateEurekaHttpClient.java:99)
	at com.netflix.discovery.shared.transport.decorator.EurekaHttpClientDecorator$3.execute(EurekaHttpClientDecorator.java:92)
	at com.netflix.discovery.shared.transport.decorator.RedirectingEurekaHttpClient.execute(RedirectingEurekaHttpClient.java:91)
	at com.netflix.discovery.shared.transport.decorator.EurekaHttpClientDecorator.sendHeartBeat(EurekaHttpClientDecorator.java:89)
	at com.netflix.discovery.shared.transport.decorator.EurekaHttpClientDecorator$3.execute(EurekaHttpClientDecorator.java:92)
	at com.netflix.discovery.shared.transport.decorator.RetryableEurekaHttpClient.execute(RetryableEurekaHttpClient.java:120)
	at com.netflix.discovery.shared.transport.decorator.EurekaHttpClientDecorator.sendHeartBeat(EurekaHttpClientDecorator.java:89)
	at com.netflix.discovery.shared.transport.decorator.EurekaHttpClientDecorator$3.execute(EurekaHttpClientDecorator.java:92)
	at com.netflix.discovery.shared.transport.decorator.SessionedEurekaHttpClient.execute(SessionedEurekaHttpClient.java:76)
	at com.netflix.discovery.shared.transport.decorator.EurekaHttpClientDecorator.sendHeartBeat(EurekaHttpClientDecorator.java:89)
	at com.netflix.discovery.DiscoveryClient.renew(DiscoveryClient.java:845)
	at com.netflix.discovery.DiscoveryClient$HeartbeatThread.run(DiscoveryClient.java:1402)
	at java.base/java.util.concurrent.Executors$RunnableAdapter.call(Executors.java:539)
	at java.base/java.util.concurrent.FutureTask.run(FutureTask.java:264)
	at java.base/java.util.concurrent.ThreadPoolExecutor.runWorker(ThreadPoolExecutor.java:1136)
	at java.base/java.util.concurrent.ThreadPoolExecutor$Worker.run(ThreadPoolExecutor.java:635)
	at java.base/java.lang.Thread.run(Thread.java:840)
Caused by: org.apache.hc.client5.http.HttpHostConnectException: Connect to http://localhost:8761 [localhost/127.0.0.1] failed: Connection refused
	at java.base/sun.nio.ch.Net.pollConnect(Native Method)
	at java.base/sun.nio.ch.Net.pollConnectNow(Net.java:672)
	at java.base/sun.nio.ch.NioSocketImpl.timedFinishConnect(NioSocketImpl.java:547)
	at java.base/sun.nio.ch.NioSocketImpl.connect(NioSocketImpl.java:602)
	at java.base/java.net.SocksSocketImpl.connect(SocksSocketImpl.java:327)
	at java.base/java.net.Socket.connect(Socket.java:633)
	at org.apache.hc.client5.http.socket.PlainConnectionSocketFactory.lambda$connectSocket$0(PlainConnectionSocketFactory.java:91)
	at java.base/java.security.AccessController.doPrivileged(AccessController.java:569)
	at org.apache.hc.client5.http.socket.PlainConnectionSocketFactory.connectSocket(PlainConnectionSocketFactory.java:90)
	at org.apache.hc.client5.http.socket.ConnectionSocketFactory.connectSocket(ConnectionSocketFactory.java:123)
	at org.apache.hc.client5.http.impl.io.DefaultHttpClientConnectionOperator.connect(DefaultHttpClientConnectionOperator.java:189)
	at org.apache.hc.client5.http.impl.io.PoolingHttpClientConnectionManager.connect(PoolingHttpClientConnectionManager.java:450)
	at org.apache.hc.client5.http.impl.classic.InternalExecRuntime.connectEndpoint(InternalExecRuntime.java:162)
	at org.apache.hc.client5.http.impl.classic.InternalExecRuntime.connectEndpoint(InternalExecRuntime.java:172)
	at org.apache.hc.client5.http.impl.classic.ConnectExec.execute(ConnectExec.java:142)
	at org.apache.hc.client5.http.impl.classic.ExecChainElement.execute(ExecChainElement.java:51)
	at org.apache.hc.client5.http.impl.classic.ProtocolExec.execute(ProtocolExec.java:192)
	at org.apache.hc.client5.http.impl.classic.ExecChainElement.execute(ExecChainElement.java:51)
	at org.apache.hc.client5.http.impl.classic.HttpRequestRetryExec.execute(HttpRequestRetryExec.java:113)
	at org.apache.hc.client5.http.impl.classic.ExecChainElement.execute(ExecChainElement.java:51)
	at org.apache.hc.client5.http.impl.classic.ContentCompressionExec.execute(ContentCompressionExec.java:152)
	at org.apache.hc.client5.http.impl.classic.ExecChainElement.execute(ExecChainElement.java:51)
	at org.apache.hc.client5.http.impl.classic.RedirectExec.execute(RedirectExec.java:116)
	at org.apache.hc.client5.http.impl.classic.ExecChainElement.execute(ExecChainElement.java:51)
	at org.apache.hc.client5.http.impl.classic.InternalHttpClient.doExecute(InternalHttpClient.java:170)
	at org.apache.hc.client5.http.impl.classic.CloseableHttpClient.execute(CloseableHttpClient.java:87)
	at org.apache.hc.client5.http.impl.classic.CloseableHttpClient.execute(CloseableHttpClient.java:55)
	at org.apache.hc.client5.http.classic.HttpClient.executeOpen(HttpClient.java:183)
	at org.springframework.http.client.HttpComponentsClientHttpRequest.executeInternal(HttpComponentsClientHttpRequest.java:99)
	at org.springframework.http.client.AbstractStreamingClientHttpRequest.executeInternal(AbstractStreamingClientHttpRequest.java:70)
	at org.springframework.http.client.AbstractClientHttpRequest.execute(AbstractClientHttpRequest.java:66)
	at org.springframework.http.client.InterceptingClientHttpRequest$InterceptingRequestExecution.execute(InterceptingClientHttpRequest.java:112)
	at org.springframework.cloud.netflix.eureka.http.RestTemplateTransportClientFactory.lambda$restTemplate$3(RestTemplateTransportClientFactory.java:170)
	at org.springframework.http.client.InterceptingClientHttpRequest$InterceptingRequestExecution.execute(InterceptingClientHttpRequest.java:88)
	at org.springframework.http.client.InterceptingClientHttpRequest.executeInternal(InterceptingClientHttpRequest.java:72)
	at org.springframework.http.client.AbstractBufferingClientHttpRequest.executeInternal(AbstractBufferingClientHttpRequest.java:48)
	at org.springframework.http.client.AbstractClientHttpRequest.execute(AbstractClientHttpRequest.java:66)
	at org.springframework.web.client.RestTemplate.doExecute(RestTemplate.java:889)
	... 19 more

2025-10-19T18:05:29.494+01:00  WARN 19790 --- [kafka-service] [beatExecutor-%d] c.n.d.s.t.d.RetryableEurekaHttpClient    : Request execution failed with message: I/O error on PUT request for "http://localhost:8761/eureka/apps/KAFKA-SERVICE/192.168.189.1:kafka-service:8087": Connect to http://localhost:8761 [localhost/127.0.0.1] failed: Connection refused
2025-10-19T18:05:29.498+01:00 DEBUG 19790 --- [kafka-service] [beatExecutor-%d] o.s.web.client.RestTemplate              : HTTP PUT http://localhost:8761/eureka/apps/KAFKA-SERVICE/192.168.189.1:kafka-service:8087?status=UP&lastDirtyTimestamp=1760888924309
2025-10-19T18:05:29.506+01:00 DEBUG 19790 --- [kafka-service] [beatExecutor-%d] o.s.web.client.RestTemplate              : Accept=[application/json, application/*+json]
2025-10-19T18:05:29.509+01:00  INFO 19790 --- [kafka-service] [beatExecutor-%d] c.n.d.s.t.d.RedirectingEurekaHttpClient  : Request execution error. endpoint=DefaultEndpoint{ serviceUrl='http://localhost:8761/eureka/}, exception=I/O error on PUT request for "http://localhost:8761/eureka/apps/KAFKA-SERVICE/192.168.189.1:kafka-service:8087": Connect to http://localhost:8761 [localhost/127.0.0.1] failed: Connection refused stacktrace=org.springframework.web.client.ResourceAccessException: I/O error on PUT request for "http://localhost:8761/eureka/apps/KAFKA-SERVICE/192.168.189.1:kafka-service:8087": Connect to http://localhost:8761 [localhost/127.0.0.1] failed: Connection refused
	at org.springframework.web.client.RestTemplate.createResourceAccessException(RestTemplate.java:915)
	at org.springframework.web.client.RestTemplate.doExecute(RestTemplate.java:895)
	at org.springframework.web.client.RestTemplate.execute(RestTemplate.java:790)
	at org.springframework.web.client.RestTemplate.exchange(RestTemplate.java:672)
	at org.springframework.cloud.netflix.eureka.http.RestTemplateEurekaHttpClient.sendHeartBeat(RestTemplateEurekaHttpClient.java:99)
	at com.netflix.discovery.shared.transport.decorator.EurekaHttpClientDecorator$3.execute(EurekaHttpClientDecorator.java:92)
	at com.netflix.discovery.shared.transport.decorator.RedirectingEurekaHttpClient.executeOnNewServer(RedirectingEurekaHttpClient.java:121)
	at com.netflix.discovery.shared.transport.decorator.RedirectingEurekaHttpClient.execute(RedirectingEurekaHttpClient.java:80)
	at com.netflix.discovery.shared.transport.decorator.EurekaHttpClientDecorator.sendHeartBeat(EurekaHttpClientDecorator.java:89)
	at com.netflix.discovery.shared.transport.decorator.EurekaHttpClientDecorator$3.execute(EurekaHttpClientDecorator.java:92)
	at com.netflix.discovery.shared.transport.decorator.RetryableEurekaHttpClient.execute(RetryableEurekaHttpClient.java:120)
	at com.netflix.discovery.shared.transport.decorator.EurekaHttpClientDecorator.sendHeartBeat(EurekaHttpClientDecorator.java:89)
	at com.netflix.discovery.shared.transport.decorator.EurekaHttpClientDecorator$3.execute(EurekaHttpClientDecorator.java:92)
	at com.netflix.discovery.shared.transport.decorator.SessionedEurekaHttpClient.execute(SessionedEurekaHttpClient.java:76)
	at com.netflix.discovery.shared.transport.decorator.EurekaHttpClientDecorator.sendHeartBeat(EurekaHttpClientDecorator.java:89)
	at com.netflix.discovery.DiscoveryClient.renew(DiscoveryClient.java:845)
	at com.netflix.discovery.DiscoveryClient$HeartbeatThread.run(DiscoveryClient.java:1402)
	at java.base/java.util.concurrent.Executors$RunnableAdapter.call(Executors.java:539)
	at java.base/java.util.concurrent.FutureTask.run(FutureTask.java:264)
	at java.base/java.util.concurrent.ThreadPoolExecutor.runWorker(ThreadPoolExecutor.java:1136)
	at java.base/java.util.concurrent.ThreadPoolExecutor$Worker.run(ThreadPoolExecutor.java:635)
	at java.base/java.lang.Thread.run(Thread.java:840)
Caused by: org.apache.hc.client5.http.HttpHostConnectException: Connect to http://localhost:8761 [localhost/127.0.0.1] failed: Connection refused
	at java.base/sun.nio.ch.Net.pollConnect(Native Method)
	at java.base/sun.nio.ch.Net.pollConnectNow(Net.java:672)
	at java.base/sun.nio.ch.NioSocketImpl.timedFinishConnect(NioSocketImpl.java:547)
	at java.base/sun.nio.ch.NioSocketImpl.connect(NioSocketImpl.java:602)
	at java.base/java.net.SocksSocketImpl.connect(SocksSocketImpl.java:327)
	at java.base/java.net.Socket.connect(Socket.java:633)
	at org.apache.hc.client5.http.socket.PlainConnectionSocketFactory.lambda$connectSocket$0(PlainConnectionSocketFactory.java:91)
	at java.base/java.security.AccessController.doPrivileged(AccessController.java:569)
	at org.apache.hc.client5.http.socket.PlainConnectionSocketFactory.connectSocket(PlainConnectionSocketFactory.java:90)
	at org.apache.hc.client5.http.socket.ConnectionSocketFactory.connectSocket(ConnectionSocketFactory.java:123)
	at org.apache.hc.client5.http.impl.io.DefaultHttpClientConnectionOperator.connect(DefaultHttpClientConnectionOperator.java:189)
	at org.apache.hc.client5.http.impl.io.PoolingHttpClientConnectionManager.connect(PoolingHttpClientConnectionManager.java:450)
	at org.apache.hc.client5.http.impl.classic.InternalExecRuntime.connectEndpoint(InternalExecRuntime.java:162)
	at org.apache.hc.client5.http.impl.classic.InternalExecRuntime.connectEndpoint(InternalExecRuntime.java:172)
	at org.apache.hc.client5.http.impl.classic.ConnectExec.execute(ConnectExec.java:142)
	at org.apache.hc.client5.http.impl.classic.ExecChainElement.execute(ExecChainElement.java:51)
	at org.apache.hc.client5.http.impl.classic.ProtocolExec.execute(ProtocolExec.java:192)
	at org.apache.hc.client5.http.impl.classic.ExecChainElement.execute(ExecChainElement.java:51)
	at org.apache.hc.client5.http.impl.classic.HttpRequestRetryExec.execute(HttpRequestRetryExec.java:113)
	at org.apache.hc.client5.http.impl.classic.ExecChainElement.execute(ExecChainElement.java:51)
	at org.apache.hc.client5.http.impl.classic.ContentCompressionExec.execute(ContentCompressionExec.java:152)
	at org.apache.hc.client5.http.impl.classic.ExecChainElement.execute(ExecChainElement.java:51)
	at org.apache.hc.client5.http.impl.classic.RedirectExec.execute(RedirectExec.java:116)
	at org.apache.hc.client5.http.impl.classic.ExecChainElement.execute(ExecChainElement.java:51)
	at org.apache.hc.client5.http.impl.classic.InternalHttpClient.doExecute(InternalHttpClient.java:170)
	at org.apache.hc.client5.http.impl.classic.CloseableHttpClient.execute(CloseableHttpClient.java:87)
	at org.apache.hc.client5.http.impl.classic.CloseableHttpClient.execute(CloseableHttpClient.java:55)
	at org.apache.hc.client5.http.classic.HttpClient.executeOpen(HttpClient.java:183)
	at org.springframework.http.client.HttpComponentsClientHttpRequest.executeInternal(HttpComponentsClientHttpRequest.java:99)
	at org.springframework.http.client.AbstractStreamingClientHttpRequest.executeInternal(AbstractStreamingClientHttpRequest.java:70)
	at org.springframework.http.client.AbstractClientHttpRequest.execute(AbstractClientHttpRequest.java:66)
	at org.springframework.http.client.InterceptingClientHttpRequest$InterceptingRequestExecution.execute(InterceptingClientHttpRequest.java:112)
	at org.springframework.cloud.netflix.eureka.http.RestTemplateTransportClientFactory.lambda$restTemplate$3(RestTemplateTransportClientFactory.java:170)
	at org.springframework.http.client.InterceptingClientHttpRequest$InterceptingRequestExecution.execute(InterceptingClientHttpRequest.java:88)
	at org.springframework.http.client.InterceptingClientHttpRequest.executeInternal(InterceptingClientHttpRequest.java:72)
	at org.springframework.http.client.AbstractBufferingClientHttpRequest.executeInternal(AbstractBufferingClientHttpRequest.java:48)
	at org.springframework.http.client.AbstractClientHttpRequest.execute(AbstractClientHttpRequest.java:66)
	at org.springframework.web.client.RestTemplate.doExecute(RestTemplate.java:889)
	... 20 more

2025-10-19T18:05:29.509+01:00  WARN 19790 --- [kafka-service] [beatExecutor-%d] c.n.d.s.t.d.RetryableEurekaHttpClient    : Request execution failed with message: I/O error on PUT request for "http://localhost:8761/eureka/apps/KAFKA-SERVICE/192.168.189.1:kafka-service:8087": Connect to http://localhost:8761 [localhost/127.0.0.1] failed: Connection refused
2025-10-19T18:05:29.512+01:00 DEBUG 19790 --- [kafka-service] [reshExecutor-%d] o.s.web.client.RestTemplate              : HTTP GET http://localhost:8761/eureka/apps/delta
2025-10-19T18:05:29.512+01:00 DEBUG 19790 --- [kafka-service] [reshExecutor-%d] o.s.web.client.RestTemplate              : Accept=[application/json, application/*+json]
2025-10-19T18:05:29.514+01:00  INFO 19790 --- [kafka-service] [reshExecutor-%d] c.n.d.s.t.d.RedirectingEurekaHttpClient  : Request execution error. endpoint=DefaultEndpoint{ serviceUrl='http://localhost:8761/eureka/} exception=I/O error on GET request for "http://localhost:8761/eureka/apps/delta": Connect to http://localhost:8761 [localhost/127.0.0.1] failed: Connection refused stacktrace=org.springframework.web.client.ResourceAccessException: I/O error on GET request for "http://localhost:8761/eureka/apps/delta": Connect to http://localhost:8761 [localhost/127.0.0.1] failed: Connection refused
	at org.springframework.web.client.RestTemplate.createResourceAccessException(RestTemplate.java:915)
	at org.springframework.web.client.RestTemplate.doExecute(RestTemplate.java:895)
	at org.springframework.web.client.RestTemplate.execute(RestTemplate.java:790)
	at org.springframework.web.client.RestTemplate.exchange(RestTemplate.java:672)
	at org.springframework.cloud.netflix.eureka.http.RestTemplateEurekaHttpClient.getApplicationsInternal(RestTemplateEurekaHttpClient.java:145)
	at org.springframework.cloud.netflix.eureka.http.RestTemplateEurekaHttpClient.getDelta(RestTemplateEurekaHttpClient.java:155)
	at com.netflix.discovery.shared.transport.decorator.EurekaHttpClientDecorator$7.execute(EurekaHttpClientDecorator.java:152)
	at com.netflix.discovery.shared.transport.decorator.RedirectingEurekaHttpClient.execute(RedirectingEurekaHttpClient.java:91)
	at com.netflix.discovery.shared.transport.decorator.EurekaHttpClientDecorator.getDelta(EurekaHttpClientDecorator.java:149)
	at com.netflix.discovery.shared.transport.decorator.EurekaHttpClientDecorator$7.execute(EurekaHttpClientDecorator.java:152)
	at com.netflix.discovery.shared.transport.decorator.RetryableEurekaHttpClient.execute(RetryableEurekaHttpClient.java:120)
	at com.netflix.discovery.shared.transport.decorator.EurekaHttpClientDecorator.getDelta(EurekaHttpClientDecorator.java:149)
	at com.netflix.discovery.shared.transport.decorator.EurekaHttpClientDecorator$7.execute(EurekaHttpClientDecorator.java:152)
	at com.netflix.discovery.shared.transport.decorator.SessionedEurekaHttpClient.execute(SessionedEurekaHttpClient.java:76)
	at com.netflix.discovery.shared.transport.decorator.EurekaHttpClientDecorator.getDelta(EurekaHttpClientDecorator.java:149)
	at com.netflix.discovery.DiscoveryClient.getAndUpdateDelta(DiscoveryClient.java:1080)
	at com.netflix.discovery.DiscoveryClient.fetchRegistry(DiscoveryClient.java:963)
	at com.netflix.discovery.DiscoveryClient.refreshRegistry(DiscoveryClient.java:1473)
	at com.netflix.discovery.DiscoveryClient$CacheRefreshThread.run(DiscoveryClient.java:1441)
	at java.base/java.util.concurrent.Executors$RunnableAdapter.call(Executors.java:539)
	at java.base/java.util.concurrent.FutureTask.run(FutureTask.java:264)
	at java.base/java.util.concurrent.ThreadPoolExecutor.runWorker(ThreadPoolExecutor.java:1136)
	at java.base/java.util.concurrent.ThreadPoolExecutor$Worker.run(ThreadPoolExecutor.java:635)
	at java.base/java.lang.Thread.run(Thread.java:840)
Caused by: org.apache.hc.client5.http.HttpHostConnectException: Connect to http://localhost:8761 [localhost/127.0.0.1] failed: Connection refused
	at java.base/sun.nio.ch.Net.pollConnect(Native Method)
	at java.base/sun.nio.ch.Net.pollConnectNow(Net.java:672)
	at java.base/sun.nio.ch.NioSocketImpl.timedFinishConnect(NioSocketImpl.java:547)
	at java.base/sun.nio.ch.NioSocketImpl.connect(NioSocketImpl.java:602)
	at java.base/java.net.SocksSocketImpl.connect(SocksSocketImpl.java:327)
	at java.base/java.net.Socket.connect(Socket.java:633)
	at org.apache.hc.client5.http.socket.PlainConnectionSocketFactory.lambda$connectSocket$0(PlainConnectionSocketFactory.java:91)
	at java.base/java.security.AccessController.doPrivileged(AccessController.java:569)
	at org.apache.hc.client5.http.socket.PlainConnectionSocketFactory.connectSocket(PlainConnectionSocketFactory.java:90)
	at org.apache.hc.client5.http.socket.ConnectionSocketFactory.connectSocket(ConnectionSocketFactory.java:123)
	at org.apache.hc.client5.http.impl.io.DefaultHttpClientConnectionOperator.connect(DefaultHttpClientConnectionOperator.java:189)
	at org.apache.hc.client5.http.impl.io.PoolingHttpClientConnectionManager.connect(PoolingHttpClientConnectionManager.java:450)
	at org.apache.hc.client5.http.impl.classic.InternalExecRuntime.connectEndpoint(InternalExecRuntime.java:162)
	at org.apache.hc.client5.http.impl.classic.InternalExecRuntime.connectEndpoint(InternalExecRuntime.java:172)
	at org.apache.hc.client5.http.impl.classic.ConnectExec.execute(ConnectExec.java:142)
	at org.apache.hc.client5.http.impl.classic.ExecChainElement.execute(ExecChainElement.java:51)
	at org.apache.hc.client5.http.impl.classic.ProtocolExec.execute(ProtocolExec.java:192)
	at org.apache.hc.client5.http.impl.classic.ExecChainElement.execute(ExecChainElement.java:51)
	at org.apache.hc.client5.http.impl.classic.HttpRequestRetryExec.execute(HttpRequestRetryExec.java:113)
	at org.apache.hc.client5.http.impl.classic.ExecChainElement.execute(ExecChainElement.java:51)
	at org.apache.hc.client5.http.impl.classic.ContentCompressionExec.execute(ContentCompressionExec.java:152)
	at org.apache.hc.client5.http.impl.classic.ExecChainElement.execute(ExecChainElement.java:51)
	at org.apache.hc.client5.http.impl.classic.RedirectExec.execute(RedirectExec.java:116)
	at org.apache.hc.client5.http.impl.classic.ExecChainElement.execute(ExecChainElement.java:51)
	at org.apache.hc.client5.http.impl.classic.InternalHttpClient.doExecute(InternalHttpClient.java:170)
	at org.apache.hc.client5.http.impl.classic.CloseableHttpClient.execute(CloseableHttpClient.java:87)
	at org.apache.hc.client5.http.impl.classic.CloseableHttpClient.execute(CloseableHttpClient.java:55)
	at org.apache.hc.client5.http.classic.HttpClient.executeOpen(HttpClient.java:183)
	at org.springframework.http.client.HttpComponentsClientHttpRequest.executeInternal(HttpComponentsClientHttpRequest.java:99)
	at org.springframework.http.client.AbstractStreamingClientHttpRequest.executeInternal(AbstractStreamingClientHttpRequest.java:70)
	at org.springframework.http.client.AbstractClientHttpRequest.execute(AbstractClientHttpRequest.java:66)
	at org.springframework.http.client.InterceptingClientHttpRequest$InterceptingRequestExecution.execute(InterceptingClientHttpRequest.java:112)
	at org.springframework.cloud.netflix.eureka.http.RestTemplateTransportClientFactory.lambda$restTemplate$3(RestTemplateTransportClientFactory.java:170)
	at org.springframework.http.client.InterceptingClientHttpRequest$InterceptingRequestExecution.execute(InterceptingClientHttpRequest.java:88)
	at org.springframework.http.client.InterceptingClientHttpRequest.executeInternal(InterceptingClientHttpRequest.java:72)
	at org.springframework.http.client.AbstractBufferingClientHttpRequest.executeInternal(AbstractBufferingClientHttpRequest.java:48)
	at org.springframework.http.client.AbstractClientHttpRequest.execute(AbstractClientHttpRequest.java:66)
	at org.springframework.web.client.RestTemplate.doExecute(RestTemplate.java:889)
	... 22 more

2025-10-19T18:05:29.514+01:00  WARN 19790 --- [kafka-service] [reshExecutor-%d] c.n.d.s.t.d.RetryableEurekaHttpClient    : Request execution failed with message: I/O error on GET request for "http://localhost:8761/eureka/apps/delta": Connect to http://localhost:8761 [localhost/127.0.0.1] failed: Connection refused
2025-10-19T18:05:29.510+01:00 ERROR 19790 --- [kafka-service] [beatExecutor-%d] com.netflix.discovery.DiscoveryClient    : DiscoveryClient_KAFKA-SERVICE/192.168.189.1:kafka-service:8087 - was unable to send heartbeat!

com.netflix.discovery.shared.transport.TransportException: Cannot execute request on any known server
	at com.netflix.discovery.shared.transport.decorator.RetryableEurekaHttpClient.execute(RetryableEurekaHttpClient.java:112) ~[eureka-client-2.0.3.jar:2.0.3]
	at com.netflix.discovery.shared.transport.decorator.EurekaHttpClientDecorator.sendHeartBeat(EurekaHttpClientDecorator.java:89) ~[eureka-client-2.0.3.jar:2.0.3]
	at com.netflix.discovery.shared.transport.decorator.EurekaHttpClientDecorator$3.execute(EurekaHttpClientDecorator.java:92) ~[eureka-client-2.0.3.jar:2.0.3]
	at com.netflix.discovery.shared.transport.decorator.SessionedEurekaHttpClient.execute(SessionedEurekaHttpClient.java:76) ~[eureka-client-2.0.3.jar:2.0.3]
	at com.netflix.discovery.shared.transport.decorator.EurekaHttpClientDecorator.sendHeartBeat(EurekaHttpClientDecorator.java:89) ~[eureka-client-2.0.3.jar:2.0.3]
	at com.netflix.discovery.DiscoveryClient.renew(DiscoveryClient.java:845) ~[eureka-client-2.0.3.jar:2.0.3]
	at com.netflix.discovery.DiscoveryClient$HeartbeatThread.run(DiscoveryClient.java:1402) ~[eureka-client-2.0.3.jar:2.0.3]
	at java.base/java.util.concurrent.Executors$RunnableAdapter.call(Executors.java:539) ~[na:na]
	at java.base/java.util.concurrent.FutureTask.run(FutureTask.java:264) ~[na:na]
	at java.base/java.util.concurrent.ThreadPoolExecutor.runWorker(ThreadPoolExecutor.java:1136) ~[na:na]
	at java.base/java.util.concurrent.ThreadPoolExecutor$Worker.run(ThreadPoolExecutor.java:635) ~[na:na]
	at java.base/java.lang.Thread.run(Thread.java:840) ~[na:na]

2025-10-19T18:05:29.518+01:00 DEBUG 19790 --- [kafka-service] [reshExecutor-%d] o.s.web.client.RestTemplate              : HTTP GET http://localhost:8761/eureka/apps/delta
2025-10-19T18:05:29.528+01:00 DEBUG 19790 --- [kafka-service] [reshExecutor-%d] o.s.web.client.RestTemplate              : Accept=[application/json, application/*+json]
2025-10-19T18:05:29.531+01:00  INFO 19790 --- [kafka-service] [reshExecutor-%d] c.n.d.s.t.d.RedirectingEurekaHttpClient  : Request execution error. endpoint=DefaultEndpoint{ serviceUrl='http://localhost:8761/eureka/}, exception=I/O error on GET request for "http://localhost:8761/eureka/apps/delta": Connect to http://localhost:8761 [localhost/127.0.0.1] failed: Connection refused stacktrace=org.springframework.web.client.ResourceAccessException: I/O error on GET request for "http://localhost:8761/eureka/apps/delta": Connect to http://localhost:8761 [localhost/127.0.0.1] failed: Connection refused
	at org.springframework.web.client.RestTemplate.createResourceAccessException(RestTemplate.java:915)
	at org.springframework.web.client.RestTemplate.doExecute(RestTemplate.java:895)
	at org.springframework.web.client.RestTemplate.execute(RestTemplate.java:790)
	at org.springframework.web.client.RestTemplate.exchange(RestTemplate.java:672)
	at org.springframework.cloud.netflix.eureka.http.RestTemplateEurekaHttpClient.getApplicationsInternal(RestTemplateEurekaHttpClient.java:145)
	at org.springframework.cloud.netflix.eureka.http.RestTemplateEurekaHttpClient.getDelta(RestTemplateEurekaHttpClient.java:155)
	at com.netflix.discovery.shared.transport.decorator.EurekaHttpClientDecorator$7.execute(EurekaHttpClientDecorator.java:152)
	at com.netflix.discovery.shared.transport.decorator.RedirectingEurekaHttpClient.executeOnNewServer(RedirectingEurekaHttpClient.java:121)
	at com.netflix.discovery.shared.transport.decorator.RedirectingEurekaHttpClient.execute(RedirectingEurekaHttpClient.java:80)
	at com.netflix.discovery.shared.transport.decorator.EurekaHttpClientDecorator.getDelta(EurekaHttpClientDecorator.java:149)
	at com.netflix.discovery.shared.transport.decorator.EurekaHttpClientDecorator$7.execute(EurekaHttpClientDecorator.java:152)
	at com.netflix.discovery.shared.transport.decorator.RetryableEurekaHttpClient.execute(RetryableEurekaHttpClient.java:120)
	at com.netflix.discovery.shared.transport.decorator.EurekaHttpClientDecorator.getDelta(EurekaHttpClientDecorator.java:149)
	at com.netflix.discovery.shared.transport.decorator.EurekaHttpClientDecorator$7.execute(EurekaHttpClientDecorator.java:152)
	at com.netflix.discovery.shared.transport.decorator.SessionedEurekaHttpClient.execute(SessionedEurekaHttpClient.java:76)
	at com.netflix.discovery.shared.transport.decorator.EurekaHttpClientDecorator.getDelta(EurekaHttpClientDecorator.java:149)
	at com.netflix.discovery.DiscoveryClient.getAndUpdateDelta(DiscoveryClient.java:1080)
	at com.netflix.discovery.DiscoveryClient.fetchRegistry(DiscoveryClient.java:963)
	at com.netflix.discovery.DiscoveryClient.refreshRegistry(DiscoveryClient.java:1473)
	at com.netflix.discovery.DiscoveryClient$CacheRefreshThread.run(DiscoveryClient.java:1441)
	at java.base/java.util.concurrent.Executors$RunnableAdapter.call(Executors.java:539)
	at java.base/java.util.concurrent.FutureTask.run(FutureTask.java:264)
	at java.base/java.util.concurrent.ThreadPoolExecutor.runWorker(ThreadPoolExecutor.java:1136)
	at java.base/java.util.concurrent.ThreadPoolExecutor$Worker.run(ThreadPoolExecutor.java:635)
	at java.base/java.lang.Thread.run(Thread.java:840)
Caused by: org.apache.hc.client5.http.HttpHostConnectException: Connect to http://localhost:8761 [localhost/127.0.0.1] failed: Connection refused
	at java.base/sun.nio.ch.Net.pollConnect(Native Method)
	at java.base/sun.nio.ch.Net.pollConnectNow(Net.java:672)
	at java.base/sun.nio.ch.NioSocketImpl.timedFinishConnect(NioSocketImpl.java:547)
	at java.base/sun.nio.ch.NioSocketImpl.connect(NioSocketImpl.java:602)
	at java.base/java.net.SocksSocketImpl.connect(SocksSocketImpl.java:327)
	at java.base/java.net.Socket.connect(Socket.java:633)
	at org.apache.hc.client5.http.socket.PlainConnectionSocketFactory.lambda$connectSocket$0(PlainConnectionSocketFactory.java:91)
	at java.base/java.security.AccessController.doPrivileged(AccessController.java:569)
	at org.apache.hc.client5.http.socket.PlainConnectionSocketFactory.connectSocket(PlainConnectionSocketFactory.java:90)
	at org.apache.hc.client5.http.socket.ConnectionSocketFactory.connectSocket(ConnectionSocketFactory.java:123)
	at org.apache.hc.client5.http.impl.io.DefaultHttpClientConnectionOperator.connect(DefaultHttpClientConnectionOperator.java:189)
	at org.apache.hc.client5.http.impl.io.PoolingHttpClientConnectionManager.connect(PoolingHttpClientConnectionManager.java:450)
	at org.apache.hc.client5.http.impl.classic.InternalExecRuntime.connectEndpoint(InternalExecRuntime.java:162)
	at org.apache.hc.client5.http.impl.classic.InternalExecRuntime.connectEndpoint(InternalExecRuntime.java:172)
	at org.apache.hc.client5.http.impl.classic.ConnectExec.execute(ConnectExec.java:142)
	at org.apache.hc.client5.http.impl.classic.ExecChainElement.execute(ExecChainElement.java:51)
	at org.apache.hc.client5.http.impl.classic.ProtocolExec.execute(ProtocolExec.java:192)
	at org.apache.hc.client5.http.impl.classic.ExecChainElement.execute(ExecChainElement.java:51)
	at org.apache.hc.client5.http.impl.classic.HttpRequestRetryExec.execute(HttpRequestRetryExec.java:113)
	at org.apache.hc.client5.http.impl.classic.ExecChainElement.execute(ExecChainElement.java:51)
	at org.apache.hc.client5.http.impl.classic.ContentCompressionExec.execute(ContentCompressionExec.java:152)
	at org.apache.hc.client5.http.impl.classic.ExecChainElement.execute(ExecChainElement.java:51)
	at org.apache.hc.client5.http.impl.classic.RedirectExec.execute(RedirectExec.java:116)
	at org.apache.hc.client5.http.impl.classic.ExecChainElement.execute(ExecChainElement.java:51)
	at org.apache.hc.client5.http.impl.classic.InternalHttpClient.doExecute(InternalHttpClient.java:170)
	at org.apache.hc.client5.http.impl.classic.CloseableHttpClient.execute(CloseableHttpClient.java:87)
	at org.apache.hc.client5.http.impl.classic.CloseableHttpClient.execute(CloseableHttpClient.java:55)
	at org.apache.hc.client5.http.classic.HttpClient.executeOpen(HttpClient.java:183)
	at org.springframework.http.client.HttpComponentsClientHttpRequest.executeInternal(HttpComponentsClientHttpRequest.java:99)
	at org.springframework.http.client.AbstractStreamingClientHttpRequest.executeInternal(AbstractStreamingClientHttpRequest.java:70)
	at org.springframework.http.client.AbstractClientHttpRequest.execute(AbstractClientHttpRequest.java:66)
	at org.springframework.http.client.InterceptingClientHttpRequest$InterceptingRequestExecution.execute(InterceptingClientHttpRequest.java:112)
	at org.springframework.cloud.netflix.eureka.http.RestTemplateTransportClientFactory.lambda$restTemplate$3(RestTemplateTransportClientFactory.java:170)
	at org.springframework.http.client.InterceptingClientHttpRequest$InterceptingRequestExecution.execute(InterceptingClientHttpRequest.java:88)
	at org.springframework.http.client.InterceptingClientHttpRequest.executeInternal(InterceptingClientHttpRequest.java:72)
	at org.springframework.http.client.AbstractBufferingClientHttpRequest.executeInternal(AbstractBufferingClientHttpRequest.java:48)
	at org.springframework.http.client.AbstractClientHttpRequest.execute(AbstractClientHttpRequest.java:66)
	at org.springframework.web.client.RestTemplate.doExecute(RestTemplate.java:889)
	... 23 more

2025-10-19T18:05:29.531+01:00  WARN 19790 --- [kafka-service] [reshExecutor-%d] c.n.d.s.t.d.RetryableEurekaHttpClient    : Request execution failed with message: I/O error on GET request for "http://localhost:8761/eureka/apps/delta": Connect to http://localhost:8761 [localhost/127.0.0.1] failed: Connection refused
2025-10-19T18:05:29.532+01:00  INFO 19790 --- [kafka-service] [reshExecutor-%d] com.netflix.discovery.DiscoveryClient    : DiscoveryClient_KAFKA-SERVICE/192.168.189.1:kafka-service:8087 - was unable to refresh its cache! This periodic background refresh will be retried in 30 seconds. status = Cannot execute request on any known server stacktrace = com.netflix.discovery.shared.transport.TransportException: Cannot execute request on any known server
	at com.netflix.discovery.shared.transport.decorator.RetryableEurekaHttpClient.execute(RetryableEurekaHttpClient.java:112)
	at com.netflix.discovery.shared.transport.decorator.EurekaHttpClientDecorator.getDelta(EurekaHttpClientDecorator.java:149)
	at com.netflix.discovery.shared.transport.decorator.EurekaHttpClientDecorator$7.execute(EurekaHttpClientDecorator.java:152)
	at com.netflix.discovery.shared.transport.decorator.SessionedEurekaHttpClient.execute(SessionedEurekaHttpClient.java:76)
	at com.netflix.discovery.shared.transport.decorator.EurekaHttpClientDecorator.getDelta(EurekaHttpClientDecorator.java:149)
	at com.netflix.discovery.DiscoveryClient.getAndUpdateDelta(DiscoveryClient.java:1080)
	at com.netflix.discovery.DiscoveryClient.fetchRegistry(DiscoveryClient.java:963)
	at com.netflix.discovery.DiscoveryClient.refreshRegistry(DiscoveryClient.java:1473)
	at com.netflix.discovery.DiscoveryClient$CacheRefreshThread.run(DiscoveryClient.java:1441)
	at java.base/java.util.concurrent.Executors$RunnableAdapter.call(Executors.java:539)
	at java.base/java.util.concurrent.FutureTask.run(FutureTask.java:264)
	at java.base/java.util.concurrent.ThreadPoolExecutor.runWorker(ThreadPoolExecutor.java:1136)
	at java.base/java.util.concurrent.ThreadPoolExecutor$Worker.run(ThreadPoolExecutor.java:635)
	at java.base/java.lang.Thread.run(Thread.java:840)

